Workbook

Sheet Estimates_of_Use_of_Water2
A1: name | B1: year | C1: region | D1: y_diff | E1: avg_y_diff | F1: pop_n | G1: pop_u | H1: wat_bas_n | I1: wat_bas_n_rounded | J1: ARC_n_full | K1: ARC=0_n | L1: ARC < 0_n | M1: ARC > 0_n | N1: ARC_n | O1: wat_lim_n | P1: wat_unimp_n | Q1: wat_sur_n | R1: wat_bas_r | S1: wat_bas_r_rounded | T1: ARC_r_full | U1: ARC=0_r | V1: ARC<0_r | W1: ARC>0_r | X1: ARC_r | Y1: wat_lim_r | Z1: wat_unimp_r | AA1: wat_sur_r | AB1: wat_bas_u | AC1: wat_bas_u_rounded | AD1: ARC_u_full | AE1: ARC=0_u | AF1: ARC<0_u | AG1: ARC>0_u | AH1: ARC_u | AI1: wat_lim_u | AJ1: wat_unimp_u | AK1: wat_sur_u | AL1: ARC_diff
A2: Afghanistan | B2: 2015 | C2: =VLOOKUP(A2, Regions!A:B, 2, FALSE) -> South Asia | D2: =IF(A3=A2, B3-B2, "") -> 5 | E2: =IF(AND(A2=A3,), AVERAGEIF(A2:A3, A3, B2:B3), "") -> 2017.5 | F2: 34413.60156 | G2: 24.802999 | H2: 61.339781 | I2: =MIN(ROUND(H2, 0), 100) -> 61 | J2: =IF(AND(A2=A3, I2>99, I3>99), "full access", "") | K2: =IF(AND(I2=0, J2<>"full access"), "ARC=0", "") | L2: =IF(AND(I2<0, J2<>"full access"), "ARC<0", "") | M2: =IF(AND(I2>0, J2<>"full access"), "ARC>0", "") -> ARC>0 | N2: =IF(A3=A2, (H3 - H2)/(B3 - B2), "") -> 2.7503265 | O2: 3.5111995 | P2: 22.168784 | Q2: 12.980236 | R2: 52.988502 | S2: =MIN(ROUND(R2, 0), 100) -> 53 | T2: =IF(AND(A2=A3, S2>99, S3>99), "full access", "") | U2: =IF(AND(S2=0, Q2<>"full access"), "ARC=0", "") | V2: =IF(AND(S2<0, Q2<>"full access"), "ARC<0", "") | W2: =IF(AND(S2>0, Q2<>"full access"), "ARC>0", "") -> ARC>0 | X2: =IF(A3=A2, (R3 - R2)/(B3 - B2), "") -> 2.6678826 | Y2: 3.8611366 | Z2: 26.553268 | AA2: 16.597094 | AB2: 86.658941 | AC2: =MIN(ROUND(AB2, 0), 100) -> 87 | AD2: =IF(AND(A2=A3, AC2>99, AC3>99), "full access", "") | AE2: =IF(AND(AC2=0, X2<>"full access"), "ARC=0", "") | AF2: =IF(AND(AC2<0, X2<>"full access"), "ARC<0", "") | AG2: =IF(AND(AC2>0, X2<>"full access"), "ARC>0", "") -> ARC>0 | AH2: =IF(A3=A2, (AB3 - AB2)/(B3 - B2), "") -> 2.6682119 | AI2: 2.4502706 | AJ2: 8.8760357 | AK2: 2.014752987 | AL2: =IF(AND(MOD(ROW(), 2) = 0, ISNUMBER(X2), ISNUMBER(AH2)), X2 - AH2, "") -> -0.000329218
A3: Afghanistan | B3: 2020 | C3: =VLOOKUP(A3, Regions!A:B, 2, FALSE) -> South Asia | D3: =IF(A4=A3, B4-B3, "") | E3: =IF(AND(A3=A4,), AVERAGEIF(A3:A4, A4, B3:B4), "") | F3: 38928.33984 | G3: 26.025999 | H3: 75.091413 | I3: =MIN(ROUND(H3, 0), 100) -> 75 | J3: =IF(AND(A3=A4, I3>99, I4>99), "full access", "") | K3: =IF(AND(I3=0, J3<>"full access"), "ARC=0", "") | L3: =IF(AND(I3<0, J3<>"full access"), "ARC<0", "") | M3: =IF(AND(I3>0, J3<>"full access"), "ARC>0", "") -> ARC>0 | N3: =IF(A4=A3, (H4 - H3)/(B4 - B3), "") | O3: 1.4475417 | P3: 14.560263 | Q3: 8.9007822 | R3: 66.327915 | S3: =MIN(ROUND(R3, 0), 100) -> 66 | T3: =IF(AND(A3=A4, S3>99, S4>99), "full access", "") | U3: =IF(AND(S3=0, Q3<>"full access"), "ARC=0", "") | V3: =IF(AND(S3<0, Q3<>"full access"), "ARC<0", "") | W3: =IF(AND(S3>0, Q3<>"full access"), "ARC>0", "") -> ARC>0 | X3: =IF(A4=A3, (R4 - R3)/(B4 - B3), "") | Y3: 1.9568249 | Z3: 19.682949 | AA3: 12.032311 | AB3: 100 | AC3: =MIN(ROUND(AB3, 0), 100) -> 100 | AD3: =IF(AND(A3=A4, AC3>99, AC4>99), "full access", "") | AE3: =IF(AND(AC3=0, X3<>"full access"), "ARC=0", "") | AF3: =IF(AND(AC3<0, X3<>"full access"), "ARC<0", "") | AG3: =IF(AND(AC3>0, X3<>"full access"), "ARC>0", "") -> ARC>0 | AH3: =IF(A4=A3, (AB4 - AB3)/(B4 - B3), "") | AI3: 0 | AJ3: 0 | AK3: 0 | AL3: =IF(AND(MOD(ROW(), 2) = 0, ISNUMBER(X3), ISNUMBER(AH3)), X3 - AH3, "")
A4: Albania | B4: 2015 | C4: =VLOOKUP(A4, Regions!A:B, 2, FALSE) -> Europe & Central Asia | D4: =IF(A5=A4, B5-B4, "") -> 5 | E4: =IF(AND(A4=A5,), AVERAGEIF(A4:A5, A5, B4:B5), "") -> 2017.5 | F4: 2890.523926 | G4: 57.433998 | H4: 93.394325 | I4: =MIN(ROUND(H4, 0), 100) -> 93 | J4: =IF(AND(A4=A5, I4>99, I5>99), "full access", "") | K4: =IF(AND(I4=0, J4<>"full access"), "ARC=0", "") | L4: =IF(AND(I4<0, J4<>"full access"), "ARC<0", "") | M4: =IF(AND(I4>0, J4<>"full access"), "ARC>0", "") -> ARC>0 | N4: =IF(A5=A4, (H5 - H4)/(B5 - B4), "") -> 0.3347427 | O4: 3.6263837 | P4: 2.979291 | Q4: 0 | R4: 90.627275 | S4: =MIN(ROUND(R4, 0), 100) -> 91 | T4: =IF(AND(A4=A5, S4>99, S5>99), "full access", "") | U4: =IF(AND(S4=0, Q4<>"full access"), "ARC=0", "") | V4: =IF(AND(S4<0, Q4<>"full access"), "ARC<0", "") | W4: =IF(AND(S4>0, Q4<>"full access"), "ARC>0", "") -> ARC>0 | X4: =IF(A5=A4, (R5 - R4)/(B5 - B4), "") -> 0.69281669 | Y4: 5.2631726 | Z4: 4.1095527 | AA4: 0 | AB4: 95.445067 | AC4: =MIN(ROUND(AB4, 0), 100) -> 95 | AD4: =IF(AND(A4=A5, AC4>99, AC5>99), "full access", "") | AE4: =IF(AND(AC4=0, X4<>"full access"), "ARC=0", "") | AF4: =IF(AND(AC4<0, X4<>"full access"), "ARC<0", "") | AG4: =IF(AND(AC4>0, X4<>"full access"), "ARC>0", "") -> ARC>0 | AH4: =IF(A5=A4, (AB5 - AB4)/(B5 - B4), "") -> 0.043748432 | AI4: 2.4133118 | AJ4: 2.1416212 | AK4: 0 | AL4: =IF(AND(MOD(ROW(), 2) = 0, ISNUMBER(X4), ISNUMBER(AH4)), X4 - AH4, "") -> 0.64906826
A5: Albania | B5: 2020 | C5: =VLOOKUP(A5, Regions!A:B, 2, FALSE) -> Europe & Central Asia | D5: =IF(A6=A5, B6-B5, "") | E5: =IF(AND(A5=A6,), AVERAGEIF(A5:A6, A6, B5:B6), "") | F5: 2877.800049 | G5: 62.112 | H5: 95.068039 | I5: =MIN(ROUND(H5, 0), 100) -> 95 | J5: =IF(AND(A5=A6, I5>99, I6>99), "full access", "") | K5: =IF(AND(I5=0, J5<>"full access"), "ARC=0", "") | L5: =IF(AND(I5<0, J5<>"full access"), "ARC<0", "") | M5: =IF(AND(I5>0, J5<>"full access"), "ARC>0", "") -> ARC>0 | N5: =IF(A6=A5, (H6 - H5)/(B6 - B5), "") | O5: 1.8846561 | P5: 3.0473051 | Q5: 0 | R5: 94.091358 | S5: =MIN(ROUND(R5, 0), 100) -> 94 | T5: =IF(AND(A5=A6, S5>99, S6>99), "full access", "") | U5: =IF(AND(S5=0, Q5<>"full access"), "ARC=0", "") | V5: =IF(AND(S5<0, Q5<>"full access"), "ARC<0", "") | W5: =IF(AND(S5>0, Q5<>"full access"), "ARC>0", "") -> ARC>0 | X5: =IF(A6=A5, (R6 - R5)/(B6 - B5), "") | Y5: 2.305265 | Z5: 3.603377 | AA5: 0 | AB5: 95.663809 | AC5: =MIN(ROUND(AB5, 0), 100) -> 96 | AD5: =IF(AND(A5=A6, AC5>99, AC6>99), "full access", "") | AE5: =IF(AND(AC5=0, X5<>"full access"), "ARC=0", "") | AF5: =IF(AND(AC5<0, X5<>"full access"), "ARC<0", "") | AG5: =IF(AND(AC5>0, X5<>"full access"), "ARC>0", "") -> ARC>0 | AH5: =IF(A6=A5, (AB6 - AB5)/(B6 - B5), "") | AI5: 1.6280868 | AJ5: 2.7081041 | AK5: 0 | AL5: =IF(AND(MOD(ROW(), 2) = 0, ISNUMBER(X5), ISNUMBER(AH5)), X5 - AH5, "")
A6: Algeria | B6: 2015 | C6: =VLOOKUP(A6, Regions!A:B, 2, FALSE) -> Middle East & North Africa | D6: =IF(A7=A6, B7-B6, "") -> 5 | E6: =IF(AND(A6=A7,), AVERAGEIF(A6:A7, A7, B6:B7), "") -> 2017.5 | F6: 39728.01953 | G6: 70.848 | H6: 93.409562 | I6: =MIN(ROUND(H6, 0), 100) -> 93 | J6: =IF(AND(A6=A7, I6>99, I7>99), "full access", "") | K6: =IF(AND(I6=0, J6<>"full access"), "ARC=0", "") | L6: =IF(AND(I6<0, J6<>"full access"), "ARC<0", "") | M6: =IF(AND(I6>0, J6<>"full access"), "ARC>0", "") -> ARC>0 | N6: =IF(A7=A6, (H7 - H6)/(B7 - B6), "") -> 0.20555369 | O6: 5.1577809 | P6: 1.2754647 | Q6: 0.15719289 | R6: 88.352707 | S6: =MIN(ROUND(R6, 0), 100) -> 88 | T6: =IF(AND(A6=A7, S6>99, S7>99), "full access", "") | U6: =IF(AND(S6=0, Q6<>"full access"), "ARC=0", "") | V6: =IF(AND(S6<0, Q6<>"full access"), "ARC<0", "") | W6: =IF(AND(S6>0, Q6<>"full access"), "ARC>0", "") -> ARC>0 | X6: =IF(A7=A6, (R7 - R6)/(B7 - B6), "") -> 0.33696621 | Y6: 8.6857531 | Z6: 2.5804318 | AA6: 0.38110822 | AB6: 95.490315 | AC6: =MIN(ROUND(AB6, 0), 100) -> 95 | AD6: =IF(AND(A6=A7, AC6>99, AC7>99), "full access", "") | AE6: =IF(AND(AC6=0, X6<>"full access"), "ARC=0", "") | AF6: =IF(AND(AC6<0, X6<>"full access"), "ARC<0", "") | AG6: =IF(AND(AC6>0, X6<>"full access"), "ARC>0", "") -> ARC>0 | AH6: =IF(A7=A6, (AB7 - AB6)/(B7 - B6), "") -> 0.10288423 | AI6: 3.7061173 | AJ6: 0.73851009 | AK6: 0.06505789753 | AL6: =IF(AND(MOD(ROW(), 2) = 0, ISNUMBER(X6), ISNUMBER(AH6)), X6 - AH6, "") -> 0.23408198
A7: Algeria | B7: 2020 | C7: =VLOOKUP(A7, Regions!A:B, 2, FALSE) -> Middle East & North Africa | D7: =IF(A8=A7, B8-B7, "") | E7: =IF(AND(A7=A8,), AVERAGEIF(A7:A8, A8, B7:B8), "") | F7: 43851.04297 | G7: 73.733002 | H7: 94.43733 | I7: =MIN(ROUND(H7, 0), 100) -> 94 | J7: =IF(AND(A7=A8, I7>99, I8>99), "full access", "") | K7: =IF(AND(I7=0, J7<>"full access"), "ARC=0", "") | L7: =IF(AND(I7<0, J7<>"full access"), "ARC<0", "") | M7: =IF(AND(I7>0, J7<>"full access"), "ARC>0", "") -> ARC>0 | N7: =IF(A8=A7, (H8 - H7)/(B8 - B7), "") | O7: 4.9858808 | P7: 0.53183666 | Q7: 0.044952533 | R7: 90.037538 | S7: =MIN(ROUND(R7, 0), 100) -> 90 | T7: =IF(AND(A7=A8, S7>99, S8>99), "full access", "") | U7: =IF(AND(S7=0, Q7<>"full access"), "ARC=0", "") | V7: =IF(AND(S7<0, Q7<>"full access"), "ARC<0", "") | W7: =IF(AND(S7>0, Q7<>"full access"), "ARC>0", "") -> ARC>0 | X7: =IF(A8=A7, (R8 - R7)/(B8 - B7), "") | Y7: 8.7967221 | Z7: 0.99460303 | AA7: 0.17113693 | AB7: 96.004736 | AC7: =MIN(ROUND(AB7, 0), 100) -> 96 | AD7: =IF(AND(A7=A8, AC7>99, AC8>99), "full access", "") | AE7: =IF(AND(AC7=0, X7<>"full access"), "ARC=0", "") | AF7: =IF(AND(AC7<0, X7<>"full access"), "ARC<0", "") | AG7: =IF(AND(AC7>0, X7<>"full access"), "ARC>0", "") -> ARC>0 | AH7: =IF(A8=A7, (AB8 - AB7)/(B8 - B7), "") | AI7: 3.6282886 | AJ7: 0.36697555 | AK7: 0 | AL7: =IF(AND(MOD(ROW(), 2) = 0, ISNUMBER(X7), ISNUMBER(AH7)), X7 - AH7, "")
A8: American Samoa | B8: 2015 | C8: =VLOOKUP(A8, Regions!A:B, 2, FALSE) -> East Asia & Pacific | D8: =IF(A9=A8, B9-B8, "") -> 5 | E8: =IF(AND(A8=A9,), AVERAGEIF(A8:A9, A9, B8:B9), "") -> 2017.5 | F8: 55.80599976 | G8: 87.238007 | H8: 99.619103 | I8: =MIN(ROUND(H8, 0), 100) -> 100 | J8: =IF(AND(A8=A9, I8>99, I9>99), "full access", "") -> full access | K8: =IF(AND(I8=0, J8<>"full access"), "ARC=0", "") | L8: =IF(AND(I8<0, J8<>"full access"), "ARC<0", "") | M8: =IF(AND(I8>0, J8<>"full access"), "ARC>0", "") | N8: =IF(A9=A8, (H9 - H8)/(B9 - B8), "") -> 0.030933702 | O8: 0 | P8: 0.38089685 | Q8: 0 | S8: =MIN(ROUND(R8, 0), 100) -> 0 | T8: =IF(AND(A8=A9, S8>99, S9>99), "full access", "") | U8: =IF(AND(S8=0, Q8<>"full access"), "ARC=0", "") -> ARC=0 | V8: =IF(AND(S8<0, Q8<>"full access"), "ARC<0", "") | W8: =IF(AND(S8>0, Q8<>"full access"), "ARC>0", "") | X8: =IF(A9=A8, (R9 - R8)/(B9 - B8), "") -> 0 | AC8: =MIN(ROUND(AB8, 0), 100) -> 0 | AD8: =IF(AND(A8=A9, AC8>99, AC9>99), "full access", "") | AE8: =IF(AND(AC8=0, X8<>"full access"), "ARC=0", "") -> ARC=0 | AF8: =IF(AND(AC8<0, X8<>"full access"), "ARC<0", "") | AG8: =IF(AND(AC8>0, X8<>"full access"), "ARC>0", "") | AH8: =IF(A9=A8, (AB9 - AB8)/(B9 - B8), "") -> 0 | AL8: =IF(AND(MOD(ROW(), 2) = 0, ISNUMBER(X8), ISNUMBER(AH8)), X8 - AH8, "") -> 0
A9: American Samoa | B9: 2020 | C9: =VLOOKUP(A9, Regions!A:B, 2, FALSE) -> East Asia & Pacific | D9: =IF(A10=A9, B10-B9, "") | E9: =IF(AND(A9=A10,), AVERAGEIF(A9:A10, A10, B9:B10), "") | F9: 55.1969986 | G9: 87.153 | H9: 99.773772 | I9: =MIN(ROUND(H9, 0), 100) -> 100 | J9: =IF(AND(A9=A10, I9>99, I10>99), "full access", "") | K9: =IF(AND(I9=0, J9<>"full access"), "ARC=0", "") | L9: =IF(AND(I9<0, J9<>"full access"), "ARC<0", "") | M9: =IF(AND(I9>0, J9<>"full access"), "ARC>0", "") -> ARC>0 | N9: =IF(A10=A9, (H10 - H9)/(B10 - B9), "") | O9: 0 | P9: 0.22622834 | Q9: 0 | S9: =MIN(ROUND(R9, 0), 100) -> 0 | T9: =IF(AND(A9=A10, S9>99, S10>99), "full access", "") | U9: =IF(AND(S9=0, Q9<>"full access"), "ARC=0", "") -> ARC=0 | V9: =IF(AND(S9<0, Q9<>"full access"), "ARC<0", "") | W9: =IF(AND(S9>0, Q9<>"full access"), "ARC>0", "") | X9: =IF(A10=A9, (R10 - R9)/(B10 - B9), "") | AC9: =MIN(ROUND(AB9, 0), 100) -> 0 | AD9: =IF(AND(A9=A10, AC9>99, AC10>99), "full access", "") | AE9: =IF(AND(AC9=0, X9<>"full access"), "ARC=0", "") -> ARC=0 | AF9: =IF(AND(AC9<0, X9<>"full access"), "ARC<0", "") | AG9: =IF(AND(AC9>0, X9<>"full access"), "ARC>0", "") | AH9: =IF(A10=A9, (AB10 - AB9)/(B10 - B9), "") | AL9: =IF(AND(MOD(ROW(), 2) = 0, ISNUMBER(X9), ISNUMBER(AH9)), X9 - AH9, "")
A10: Andorra | B10: 2015 | C10: =VLOOKUP(A10, Regions!A:B, 2, FALSE) -> Europe & Central Asia | D10: =IF(A11=A10, B11-B10, "") -> 5 | E10: =IF(AND(A10=A11,), AVERAGEIF(A10:A11, A11, B10:B11), "") -> 2017.5 | F10: 77.99299622 | G10: 88.344994 | H10: 99.999998 | I10: =MIN(ROUND(H10, 0), 100) -> 100 | J10: =IF(AND(A10=A11, I10>99, I11>99), "full access", "") -> full access | K10: =IF(AND(I10=0, J10<>"full access"), "ARC=0", "") | L10: =IF(AND(I10<0, J10<>"full access"), "ARC<0", "") | M10: =IF(AND(I10>0, J10<>"full access"), "ARC>0", "") | N10: =IF(A11=A10, (H11 - H10)/(B11 - B10), "") -> 1.23e-06 | O10: 0 | P10: 2.4455384e-06 | Q10: 0 | R10: 100 | S10: =MIN(ROUND(R10, 0), 100) -> 100 | T10: =IF(AND(A10=A11, S10>99, S11>99), "full access", "") -> full access | U10: =IF(AND(S10=0, Q10<>"full access"), "ARC=0", "") | V10: =IF(AND(S10<0, Q10<>"full access"), "ARC<0", "") | W10: =IF(AND(S10>0, Q10<>"full access"), "ARC>0", "") -> ARC>0 | X10: =IF(A11=A10, (R11 - R10)/(B11 - B10), "") -> 0 | Y10: 0 | Z10: 0 | AA10: 0 | AB10: 100 | AC10: =MIN(ROUND(AB10, 0), 100) -> 100 | AD10: =IF(AND(A10=A11, AC10>99, AC11>99), "full access", "") -> full access | AE10: =IF(AND(AC10=0, X10<>"full access"), "ARC=0", "") | AF10: =IF(AND(AC10<0, X10<>"full access"), "ARC<0", "") | AG10: =IF(AND(AC10>0, X10<>"full access"), "ARC>0", "") -> ARC>0 | AH10: =IF(A11=A10, (AB11 - AB10)/(B11 - B10), "") -> 0 | AI10: 0 | AJ10: 0 | AK10: 0 | AL10: =IF(AND(MOD(ROW(), 2) = 0, ISNUMBER(X10), ISNUMBER(AH10)), X10 - AH10, "") -> 0
A11: Andorra | B11: 2020 | C11: =VLOOKUP(A11, Regions!A:B, 2, FALSE) -> Europe & Central Asia | D11: =IF(A12=A11, B12-B11, "") | E11: =IF(AND(A11=A12,), AVERAGEIF(A11:A12, A12, B11:B12), "") | F11: 77.26499939 | G11: 87.916 | H11: 100 | I11: =MIN(ROUND(H11, 0), 100) -> 100 | J11: =IF(AND(A11=A12, I11>99, I12>99), "full access", "") | K11: =IF(AND(I11=0, J11<>"full access"), "ARC=0", "") | L11: =IF(AND(I11<0, J11<>"full access"), "ARC<0", "") | M11: =IF(AND(I11>0, J11<>"full access"), "ARC>0", "") -> ARC>0 | N11: =IF(A12=A11, (H12 - H11)/(B12 - B11), "") | O11: 0 | P11: 0 | Q11: 0 | R11: 100 | S11: =MIN(ROUND(R11, 0), 100) -> 100 | T11: =IF(AND(A11=A12, S11>99, S12>99), "full access", "") | U11: =IF(AND(S11=0, Q11<>"full access"), "ARC=0", "") | V11: =IF(AND(S11<0, Q11<>"full access"), "ARC<0", "") | W11: =IF(AND(S11>0, Q11<>"full access"), "ARC>0", "") -> ARC>0 | X11: =IF(A12=A11, (R12 - R11)/(B12 - B11), "") | Y11: 0 | Z11: 0 | AA11: 0 | AB11: 100 | AC11: =MIN(ROUND(AB11, 0), 100) -> 100 | AD11: =IF(AND(A11=A12, AC11>99, AC12>99), "full access", "") | AE11: =IF(AND(AC11=0, X11<>"full access"), "ARC=0", "") | AF11: =IF(AND(AC11<0, X11<>"full access"), "ARC<0", "") | AG11: =IF(AND(AC11>0, X11<>"full access"), "ARC>0", "") -> ARC>0 | AH11: =IF(A12=A11, (AB12 - AB11)/(B12 - B11), "") | AI11: 0 | AJ11: 0 | AK11: 0 | AL11: =IF(AND(MOD(ROW(), 2) = 0, ISNUMBER(X11), ISNUMBER(AH11)), X11 - AH11, "")
A12: Angola | B12: 2015 | C12: =VLOOKUP(A12, Regions!A:B, 2, FALSE) -> Sub-Saharan Africa | D12: =IF(A13=A12, B13-B12, "") -> 5 | E12: =IF(AND(A12=A13,), AVERAGEIF(A12:A13, A13, B12:B13), "") -> 2017.5 | F12: 27884.38086 | G12: 63.445995 | H12: 54.316928 | I12: =MIN(ROUND(H12, 0), 100) -> 54 | J12: =IF(AND(A12=A13, I12>99, I13>99), "full access", "") | K12: =IF(AND(I12=0, J12<>"full access"), "ARC=0", "") | L12: =IF(AND(I12<0, J12<>"full access"), "ARC<0", "") | M12: =IF(AND(I12>0, J12<>"full access"), "ARC>0", "") -> ARC>0 | N12: =IF(A13=A12, (H13 - H12)/(B13 - B12), "") -> 0.57016185 | O12: 11.368619 | P12: 17.372356 | Q12: 16.942097 | R12: 26.714369 | S12: =MIN(ROUND(R12, 0), 100) -> 27 | T12: =IF(AND(A12=A13, S12>99, S13>99), "full access", "") | U12: =IF(AND(S12=0, Q12<>"full access"), "ARC=0", "") | V12: =IF(AND(S12<0, Q12<>"full access"), "ARC<0", "") | W12: =IF(AND(S12>0, Q12<>"full access"), "ARC>0", "") -> ARC>0 | X12: =IF(A13=A12, (R13 - R12)/(B13 - B12), "") -> 0.21877144 | Y12: 9.9310693 | Z12: 21.725308 | AA12: 41.629254 | AB12: 70.219965 | AC12: =MIN(ROUND(AB12, 0), 100) -> 70 | AD12: =IF(AND(A12=A13, AC12>99, AC13>99), "full access", "") | AE12: =IF(AND(AC12=0, X12<>"full access"), "ARC=0", "") | AF12: =IF(AND(AC12<0, X12<>"full access"), "ARC<0", "") | AG12: =IF(AND(AC12>0, X12<>"full access"), "ARC>0", "") -> ARC>0 | AH12: =IF(A13=A12, (AB13 - AB12)/(B13 - B12), "") -> 0.3046367 | AI12: 12.196853 | AJ12: 14.864431 | AK12: 2.718749921 | AL12: =IF(AND(MOD(ROW(), 2) = 0, ISNUMBER(X12), ISNUMBER(AH12)), X12 - AH12, "") -> -0.085865258
A13: Angola | B13: 2020 | C13: =VLOOKUP(A13, Regions!A:B, 2, FALSE) -> Sub-Saharan Africa | D13: =IF(A14=A13, B14-B13, "") | E13: =IF(AND(A13=A14,), AVERAGEIF(A13:A14, A14, B13:B14), "") | F13: 32866.26953 | G13: 66.824997 | H13: 57.167738 | I13: =MIN(ROUND(H13, 0), 100) -> 57 | J13: =IF(AND(A13=A14, I13>99, I14>99), "full access", "") | K13: =IF(AND(I13=0, J13<>"full access"), "ARC=0", "") | L13: =IF(AND(I13<0, J13<>"full access"), "ARC<0", "") | M13: =IF(AND(I13>0, J13<>"full access"), "ARC>0", "") -> ARC>0 | N13: =IF(A14=A13, (H14 - H13)/(B14 - B13), "") | O13: 9.2873499 | P13: 19.450825 | Q13: 14.094087 | R13: 27.808227 | S13: =MIN(ROUND(R13, 0), 100) -> 28 | T13: =IF(AND(A13=A14, S13>99, S14>99), "full access", "") | U13: =IF(AND(S13=0, Q13<>"full access"), "ARC=0", "") | V13: =IF(AND(S13<0, Q13<>"full access"), "ARC<0", "") | W13: =IF(AND(S13>0, Q13<>"full access"), "ARC>0", "") -> ARC>0 | X13: =IF(A14=A13, (R14 - R13)/(B14 - B13), "") | Y13: 8.7404884 | Z13: 22.933153 | AA13: 40.518132 | AB13: 71.743149 | AC13: =MIN(ROUND(AB13, 0), 100) -> 72 | AD13: =IF(AND(A13=A14, AC13>99, AC14>99), "full access", "") | AE13: =IF(AND(AC13=0, X13<>"full access"), "ARC=0", "") | AF13: =IF(AND(AC13<0, X13<>"full access"), "ARC<0", "") | AG13: =IF(AND(AC13>0, X13<>"full access"), "ARC>0", "") -> ARC>0 | AH13: =IF(A14=A13, (AB14 - AB13)/(B14 - B13), "") | AI13: 9.5588375 | AJ13: 17.722035 | AK13: 0.9759791629 | AL13: =IF(AND(MOD(ROW(), 2) = 0, ISNUMBER(X13), ISNUMBER(AH13)), X13 - AH13, "")
A14: Anguilla | B14: 2015 | C14: =VLOOKUP(A14, Regions!A:B, 2, FALSE) -> Latin America & Caribbean | D14: =IF(A15=A14, B15-B14, "") -> 2 | E14: =IF(AND(A14=A15,), AVERAGEIF(A14:A15, A15, B14:B15), "") -> 2016 | F14: 14.27900028 | G14: 100 | H14: 97.482274 | I14: =MIN(ROUND(H14, 0), 100) -> 97 | J14: =IF(AND(A14=A15, I14>99, I15>99), "full access", "") | K14: =IF(AND(I14=0, J14<>"full access"), "ARC=0", "") | L14: =IF(AND(I14<0, J14<>"full access"), "ARC<0", "") | M14: =IF(AND(I14>0, J14<>"full access"), "ARC>0", "") -> ARC>0 | N14: =IF(A15=A14, (H15 - H14)/(B15 - B14), "") -> 0 | O14: 0 | P14: 2.5177258 | Q14: 0 | S14: =MIN(ROUND(R14, 0), 100) -> 0 | T14: =IF(AND(A14=A15, S14>99, S15>99), "full access", "") | U14: =IF(AND(S14=0, Q14<>"full access"), "ARC=0", "") -> ARC=0 | V14: =IF(AND(S14<0, Q14<>"full access"), "ARC<0", "") | W14: =IF(AND(S14>0, Q14<>"full access"), "ARC>0", "") | X14: =IF(A15=A14, (R15 - R14)/(B15 - B14), "") -> 0 | AB14: 97.482274 | AC14: =MIN(ROUND(AB14, 0), 100) -> 97 | AD14: =IF(AND(A14=A15, AC14>99, AC15>99), "full access", "") | AE14: =IF(AND(AC14=0, X14<>"full access"), "ARC=0", "") | AF14: =IF(AND(AC14<0, X14<>"full access"), "ARC<0", "") | AG14: =IF(AND(AC14>0, X14<>"full access"), "ARC>0", "") -> ARC>0 | AH14: =IF(A15=A14, (AB15 - AB14)/(B15 - B14), "") -> 0 | AI14: 0 | AJ14: 2.5177258 | AK14: 0 | AL14: =IF(AND(MOD(ROW(), 2) = 0, ISNUMBER(X14), ISNUMBER(AH14)), X14 - AH14, "") -> 0
A15: Anguilla | B15: 2017 | C15: =VLOOKUP(A15, Regions!A:B, 2, FALSE) -> Latin America & Caribbean | D15: =IF(A16=A15, B16-B15, "") | E15: =IF(AND(A15=A16,), AVERAGEIF(A15:A16, A16, B15:B16), "") | F15: 14.5880003 | G15: 100 | H15: 97.482274 | I15: =MIN(ROUND(H15, 0), 100) -> 97 | J15: =IF(AND(A15=A16, I15>99, I16>99), "full access", "") | K15: =IF(AND(I15=0, J15<>"full access"), "ARC=0", "") | L15: =IF(AND(I15<0, J15<>"full access"), "ARC<0", "") | M15: =IF(AND(I15>0, J15<>"full access"), "ARC>0", "") -> ARC>0 | N15: =IF(A16=A15, (H16 - H15)/(B16 - B15), "") | O15: 0 | P15: 2.5177258 | Q15: 0 | S15: =MIN(ROUND(R15, 0), 100) -> 0 | T15: =IF(AND(A15=A16, S15>99, S16>99), "full access", "") | U15: =IF(AND(S15=0, Q15<>"full access"), "ARC=0", "") -> ARC=0 | V15: =IF(AND(S15<0, Q15<>"full access"), "ARC<0", "") | W15: =IF(AND(S15>0, Q15<>"full access"), "ARC>0", "") | X15: =IF(A16=A15, (R16 - R15)/(B16 - B15), "") | AB15: 97.482274 | AC15: =MIN(ROUND(AB15, 0), 100) -> 97 | AD15: =IF(AND(A15=A16, AC15>99, AC16>99), "full access", "") | AE15: =IF(AND(AC15=0, X15<>"full access"), "ARC=0", "") | AF15: =IF(AND(AC15<0, X15<>"full access"), "ARC<0", "") | AG15: =IF(AND(AC15>0, X15<>"full access"), "ARC>0", "") -> ARC>0 | AH15: =IF(A16=A15, (AB16 - AB15)/(B16 - B15), "") | AI15: 0 | AJ15: 2.5177258 | AK15: 0 | AL15: =IF(AND(MOD(ROW(), 2) = 0, ISNUMBER(X15), ISNUMBER(AH15)), X15 - AH15, "")
A16: Antigua and Barbuda | B16: 2015 | C16: =VLOOKUP(A16, Regions!A:B, 2, FALSE) -> Latin America & Caribbean | D16: =IF(A17=A16, B17-B16, "") -> 2 | E16: =IF(AND(A16=A17,), AVERAGEIF(A16:A17, A17, B16:B17), "") -> 2016 | F16: 93.57099915 | G16: 25 | H16: 96.739186 | I16: =MIN(ROUND(H16, 0), 100) -> 97 | J16: =IF(AND(A16=A17, I16>99, I17>99), "full access", "") | K16: =IF(AND(I16=0, J16<>"full access"), "ARC=0", "") | L16: =IF(AND(I16<0, J16<>"full access"), "ARC<0", "") | M16: =IF(AND(I16>0, J16<>"full access"), "ARC>0", "") -> ARC>0 | N16: =IF(A17=A16, (H17 - H16)/(B17 - B16), "") -> 0 | O16: 0 | P16: 3.1663476 | Q16: 0.094466114 | S16: =MIN(ROUND(R16, 0), 100) -> 0 | T16: =IF(AND(A16=A17, S16>99, S17>99), "full access", "") | U16: =IF(AND(S16=0, Q16<>"full access"), "ARC=0", "") -> ARC=0 | V16: =IF(AND(S16<0, Q16<>"full access"), "ARC<0", "") | W16: =IF(AND(S16>0, Q16<>"full access"), "ARC>0", "") | X16: =IF(A17=A16, (R17 - R16)/(B17 - B16), "") -> 0 | AC16: =MIN(ROUND(AB16, 0), 100) -> 0 | AD16: =IF(AND(A16=A17, AC16>99, AC17>99), "full access", "") | AE16: =IF(AND(AC16=0, X16<>"full access"), "ARC=0", "") -> ARC=0 | AF16: =IF(AND(AC16<0, X16<>"full access"), "ARC<0", "") | AG16: =IF(AND(AC16>0, X16<>"full access"), "ARC>0", "") | AH16: =IF(A17=A16, (AB17 - AB16)/(B17 - B16), "") -> 0 | AL16: =IF(AND(MOD(ROW(), 2) = 0, ISNUMBER(X16), ISNUMBER(AH16)), X16 - AH16, "") -> 0
A17: Antigua and Barbuda | B17: 2017 | C17: =VLOOKUP(A17, Regions!A:B, 2, FALSE) -> Latin America & Caribbean | D17: =IF(A18=A17, B18-B17, "") | E17: =IF(AND(A17=A18,), AVERAGEIF(A17:A18, A18, B17:B18), "") | F17: 95.42500305 | G17: 24.713001 | H17: 96.739186 | I17: =MIN(ROUND(H17, 0), 100) -> 97 | J17: =IF(AND(A17=A18, I17>99, I18>99), "full access", "") | K17: =IF(AND(I17=0, J17<>"full access"), "ARC=0", "") | L17: =IF(AND(I17<0, J17<>"full access"), "ARC<0", "") | M17: =IF(AND(I17>0, J17<>"full access"), "ARC>0", "") -> ARC>0 | N17: =IF(A18=A17, (H18 - H17)/(B18 - B17), "") | O17: 0 | P17: 3.1663476 | Q17: 0.094466114 | S17: =MIN(ROUND(R17, 0), 100) -> 0 | T17: =IF(AND(A17=A18, S17>99, S18>99), "full access", "") | U17: =IF(AND(S17=0, Q17<>"full access"), "ARC=0", "") -> ARC=0 | V17: =IF(AND(S17<0, Q17<>"full access"), "ARC<0", "") | W17: =IF(AND(S17>0, Q17<>"full access"), "ARC>0", "") | X17: =IF(A18=A17, (R18 - R17)/(B18 - B17), "") | AC17: =MIN(ROUND(AB17, 0), 100) -> 0 | AD17: =IF(AND(A17=A18, AC17>99, AC18>99), "full access", "") | AE17: =IF(AND(AC17=0, X17<>"full access"), "ARC=0", "") -> ARC=0 | AF17: =IF(AND(AC17<0, X17<>"full access"), "ARC<0", "") | AG17: =IF(AND(AC17>0, X17<>"full access"), "ARC>0", "") | AH17: =IF(A18=A17, (AB18 - AB17)/(B18 - B17), "") | AL17: =IF(AND(MOD(ROW(), 2) = 0, ISNUMBER(X17), ISNUMBER(AH17)), X17 - AH17, "")
A18: Argentina | B18: 2015 | C18: =VLOOKUP(A18, Regions!A:B, 2, FALSE) -> Latin America & Caribbean | D18: =IF(A19=A18, B19-B18, "") -> 5 | E18: =IF(AND(A18=A19,), AVERAGEIF(A18:A19, A19, B18:B19), "") -> 2017.5 | F18: 43075.41406 | G18: 91.502998 | H18: 98.966588 | I18: =MIN(ROUND(H18, 0), 100) -> 99 | J18: =IF(AND(A18=A19, I18>99, I19>99), "full access", "") | K18: =IF(AND(I18=0, J18<>"full access"), "ARC=0", "") | L18: =IF(AND(I18<0, J18<>"full access"), "ARC<0", "") | M18: =IF(AND(I18>0, J18<>"full access"), "ARC>0", "") -> ARC>0 | N18: =IF(A19=A18, (H19 - H18)/(B19 - B18), "") -> -19.793318 | O18: 0 | P18: 0.66491438 | Q18: 0.36849747 | R18: 92.98366 | S18: =MIN(ROUND(R18, 0), 100) -> 93 | T18: =IF(AND(A18=A19, S18>99, S19>99), "full access", "") | U18: =IF(AND(S18=0, Q18<>"full access"), "ARC=0", "") | V18: =IF(AND(S18<0, Q18<>"full access"), "ARC<0", "") | W18: =IF(AND(S18>0, Q18<>"full access"), "ARC>0", "") -> ARC>0 | X18: =IF(A19=A18, (R19 - R18)/(B19 - B18), "") -> -18.596732 | Y18: 0 | Z18: 2.6795449 | AA18: 4.3367951 | AB18: 99.522163 | AC18: =MIN(ROUND(AB18, 0), 100) -> 100 | AD18: =IF(AND(A18=A19, AC18>99, AC19>99), "full access", "") -> full access | AE18: =IF(AND(AC18=0, X18<>"full access"), "ARC=0", "") | AF18: =IF(AND(AC18<0, X18<>"full access"), "ARC<0", "") | AG18: =IF(AND(AC18>0, X18<>"full access"), "ARC>0", "") -> ARC>0 | AH18: =IF(A19=A18, (AB19 - AB18)/(B19 - B18), "") -> 0.05365152 | AI18: 0 | AJ18: 0.47783695 | AK18: 0 | AL18: =IF(AND(MOD(ROW(), 2) = 0, ISNUMBER(X18), ISNUMBER(AH18)), X18 - AH18, "") -> -18.650384
A19: Argentina | B19: 2020 | C19: =VLOOKUP(A19, Regions!A:B, 2, FALSE) -> Latin America & Caribbean | D19: =IF(A20=A19, B20-B19, "") | E19: =IF(AND(A19=A20,), AVERAGEIF(A19:A20, A20, B19:B20), "") | F19: 45195.77734 | G19: 92.111 | I19: =MIN(ROUND(H19, 0), 100) -> 0 | J19: =IF(AND(A19=A20, I19>99, I20>99), "full access", "") | K19: =IF(AND(I19=0, J19<>"full access"), "ARC=0", "") -> ARC=0 | L19: =IF(AND(I19<0, J19<>"full access"), "ARC<0", "") | M19: =IF(AND(I19>0, J19<>"full access"), "ARC>0", "") | N19: =IF(A20=A19, (H20 - H19)/(B20 - B19), "") | S19: =MIN(ROUND(R19, 0), 100) -> 0 | T19: =IF(AND(A19=A20, S19>99, S20>99), "full access", "") | U19: =IF(AND(S19=0, Q19<>"full access"), "ARC=0", "") -> ARC=0 | V19: =IF(AND(S19<0, Q19<>"full access"), "ARC<0", "") | W19: =IF(AND(S19>0, Q19<>"full access"), "ARC>0", "") | X19: =IF(A20=A19, (R20 - R19)/(B20 - B19), "") | AB19: 99.790421 | AC19: =MIN(ROUND(AB19, 0), 100) -> 100 | AD19: =IF(AND(A19=A20, AC19>99, AC20>99), "full access", "") | AE19: =IF(AND(AC19=0, X19<>"full access"), "ARC=0", "") | AF19: =IF(AND(AC19<0, X19<>"full access"), "ARC<0", "") | AG19: =IF(AND(AC19>0, X19<>"full access"), "ARC>0", "") -> ARC>0 | AH19: =IF(A20=A19, (AB20 - AB19)/(B20 - B19), "") | AI19: 0 | AJ19: 0.20957935 | AK19: 0 | AL19: =IF(AND(MOD(ROW(), 2) = 0, ISNUMBER(X19), ISNUMBER(AH19)), X19 - AH19, "")
A20: Armenia | B20: 2015 | C20: =VLOOKUP(A20, Regions!A:B, 2, FALSE) -> Europe & Central Asia | D20: =IF(A21=A20, B21-B20, "") -> 5 | E20: =IF(AND(A20=A21,), AVERAGEIF(A20:A21, A21, B20:B21), "") -> 2017.5 | F20: 2925.559082 | G20: 63.085003 | H20: 99.552567 | I20: =MIN(ROUND(H20, 0), 100) -> 100 | J20: =IF(AND(A20=A21, I20>99, I21>99), "full access", "") -> full access | K20: =IF(AND(I20=0, J20<>"full access"), "ARC=0", "") | L20: =IF(AND(I20<0, J20<>"full access"), "ARC<0", "") | M20: =IF(AND(I20>0, J20<>"full access"), "ARC>0", "") | N20: =IF(A21=A20, (H21 - H20)/(B21 - B20), "") -> 0.083722798 | O20: 0 | P20: 0.098505084 | Q20: 0.34892822 | R20: 99.054779 | S20: =MIN(ROUND(R20, 0), 100) -> 99 | T20: =IF(AND(A20=A21, S20>99, S21>99), "full access", "") | U20: =IF(AND(S20=0, Q20<>"full access"), "ARC=0", "") | V20: =IF(AND(S20<0, Q20<>"full access"), "ARC<0", "") | W20: =IF(AND(S20>0, Q20<>"full access"), "ARC>0", "") -> ARC>0 | X20: =IF(A21=A20, (R21 - R20)/(B21 - B20), "") -> 0.18904415 | Y20: 0 | Z20: 0 | AA20: 0.94522073 | AB20: 99.843853 | AC20: =MIN(ROUND(AB20, 0), 100) -> 100 | AD20: =IF(AND(A20=A21, AC20>99, AC21>99), "full access", "") -> full access | AE20: =IF(AND(AC20=0, X20<>"full access"), "ARC=0", "") | AF20: =IF(AND(AC20<0, X20<>"full access"), "ARC<0", "") | AG20: =IF(AND(AC20>0, X20<>"full access"), "ARC>0", "") -> ARC>0 | AH20: =IF(A21=A20, (AB21 - AB20)/(B21 - B20), "") -> 0.022125564 | AI20: 0 | AJ20: 0.1561466 | AK20: 0 | AL20: =IF(AND(MOD(ROW(), 2) = 0, ISNUMBER(X20), ISNUMBER(AH20)), X20 - AH20, "") -> 0.16691858
A21: Armenia | B21: 2020 | C21: =VLOOKUP(A21, Regions!A:B, 2, FALSE) -> Europe & Central Asia | D21: =IF(A22=A21, B22-B21, "") | E21: =IF(AND(A21=A22,), AVERAGEIF(A21:A22, A22, B21:B22), "") | F21: 2963.233887 | G21: 63.313 | H21: 99.971181 | I21: =MIN(ROUND(H21, 0), 100) -> 100 | J21: =IF(AND(A21=A22, I21>99, I22>99), "full access", "") | K21: =IF(AND(I21=0, J21<>"full access"), "ARC=0", "") | L21: =IF(AND(I21<0, J21<>"full access"), "ARC<0", "") | M21: =IF(AND(I21>0, J21<>"full access"), "ARC>0", "") -> ARC>0 | N21: =IF(A22=A21, (H22 - H21)/(B22 - B21), "") | O21: 0 | P21: 0.028819308 | Q21: 0 | R21: 100 | S21: =MIN(ROUND(R21, 0), 100) -> 100 | T21: =IF(AND(A21=A22, S21>99, S22>99), "full access", "") | U21: =IF(AND(S21=0, Q21<>"full access"), "ARC=0", "") | V21: =IF(AND(S21<0, Q21<>"full access"), "ARC<0", "") | W21: =IF(AND(S21>0, Q21<>"full access"), "ARC>0", "") -> ARC>0 | X21: =IF(A22=A21, (R22 - R21)/(B22 - B21), "") | Y21: 0 | Z21: 0 | AA21: 0 | AB21: 99.954481 | AC21: =MIN(ROUND(AB21, 0), 100) -> 100 | AD21: =IF(AND(A21=A22, AC21>99, AC22>99), "full access", "") | AE21: =IF(AND(AC21=0, X21<>"full access"), "ARC=0", "") | AF21: =IF(AND(AC21<0, X21<>"full access"), "ARC<0", "") | AG21: =IF(AND(AC21>0, X21<>"full access"), "ARC>0", "") -> ARC>0 | AH21: =IF(A22=A21, (AB22 - AB21)/(B22 - B21), "") | AI21: 0 | AJ21: 0.045518784 | AK21: 0 | AL21: =IF(AND(MOD(ROW(), 2) = 0, ISNUMBER(X21), ISNUMBER(AH21)), X21 - AH21, "")
A22: Aruba | B22: 2015 | C22: =VLOOKUP(A22, Regions!A:B, 2, FALSE) -> Latin America & Caribbean | D22: =IF(A23=A22, B23-B22, "") -> 1 | E22: =IF(AND(A22=A23,), AVERAGEIF(A22:A23, A23, B22:B23), "") -> 2015.5 | F22: 104.3389969 | G22: 43.108002 | H22: 97.869023 | I22: =MIN(ROUND(H22, 0), 100) -> 98 | J22: =IF(AND(A22=A23, I22>99, I23>99), "full access", "") | K22: =IF(AND(I22=0, J22<>"full access"), "ARC=0", "") | L22: =IF(AND(I22<0, J22<>"full access"), "ARC<0", "") | M22: =IF(AND(I22>0, J22<>"full access"), "ARC>0", "") -> ARC>0 | N22: =IF(A23=A22, (H23 - H22)/(B23 - B22), "") -> 0 | O22: 0 | P22: 1.9599362 | Q22: 0.17104041 | S22: =MIN(ROUND(R22, 0), 100) -> 0 | T22: =IF(AND(A22=A23, S22>99, S23>99), "full access", "") | U22: =IF(AND(S22=0, Q22<>"full access"), "ARC=0", "") -> ARC=0 | V22: =IF(AND(S22<0, Q22<>"full access"), "ARC<0", "") | W22: =IF(AND(S22>0, Q22<>"full access"), "ARC>0", "") | X22: =IF(A23=A22, (R23 - R22)/(B23 - B22), "") -> 0 | AC22: =MIN(ROUND(AB22, 0), 100) -> 0 | AD22: =IF(AND(A22=A23, AC22>99, AC23>99), "full access", "") | AE22: =IF(AND(AC22=0, X22<>"full access"), "ARC=0", "") -> ARC=0 | AF22: =IF(AND(AC22<0, X22<>"full access"), "ARC<0", "") | AG22: =IF(AND(AC22>0, X22<>"full access"), "ARC>0", "") | AH22: =IF(A23=A22, (AB23 - AB22)/(B23 - B22), "") -> 0 | AL22: =IF(AND(MOD(ROW(), 2) = 0, ISNUMBER(X22), ISNUMBER(AH22)), X22 - AH22, "") -> 0
A23: Aruba | B23: 2016 | C23: =VLOOKUP(A23, Regions!A:B, 2, FALSE) -> Latin America & Caribbean | D23: =IF(A24=A23, B24-B23, "") | E23: =IF(AND(A23=A24,), AVERAGEIF(A23:A24, A24, B23:B24), "") | F23: 104.8649979 | G23: 43.191998 | H23: 97.869023 | I23: =MIN(ROUND(H23, 0), 100) -> 98 | J23: =IF(AND(A23=A24, I23>99, I24>99), "full access", "") | K23: =IF(AND(I23=0, J23<>"full access"), "ARC=0", "") | L23: =IF(AND(I23<0, J23<>"full access"), "ARC<0", "") | M23: =IF(AND(I23>0, J23<>"full access"), "ARC>0", "") -> ARC>0 | N23: =IF(A24=A23, (H24 - H23)/(B24 - B23), "") | O23: 0 | P23: 1.9599362 | Q23: 0.17104041 | S23: =MIN(ROUND(R23, 0), 100) -> 0 | T23: =IF(AND(A23=A24, S23>99, S24>99), "full access", "") | U23: =IF(AND(S23=0, Q23<>"full access"), "ARC=0", "") -> ARC=0 | V23: =IF(AND(S23<0, Q23<>"full access"), "ARC<0", "") | W23: =IF(AND(S23>0, Q23<>"full access"), "ARC>0", "") | X23: =IF(A24=A23, (R24 - R23)/(B24 - B23), "") | AC23: =MIN(ROUND(AB23, 0), 100) -> 0 | AD23: =IF(AND(A23=A24, AC23>99, AC24>99), "full access", "") | AE23: =IF(AND(AC23=0, X23<>"full access"), "ARC=0", "") -> ARC=0 | AF23: =IF(AND(AC23<0, X23<>"full access"), "ARC<0", "") | AG23: =IF(AND(AC23>0, X23<>"full access"), "ARC>0", "") | AH23: =IF(A24=A23, (AB24 - AB23)/(B24 - B23), "") | AL23: =IF(AND(MOD(ROW(), 2) = 0, ISNUMBER(X23), ISNUMBER(AH23)), X23 - AH23, "")
A24: Australia | B24: 2015 | C24: =VLOOKUP(A24, Regions!A:B, 2, FALSE) -> East Asia & Pacific | D24: =IF(A25=A24, B25-B24, "") -> 5 | E24: =IF(AND(A24=A25,), AVERAGEIF(A24:A25, A25, B24:B25), "") -> 2017.5 | F24: 23932.49805 | G24: 85.701004 | H24: 99.970006 | I24: =MIN(ROUND(H24, 0), 100) -> 100 | J24: =IF(AND(A24=A25, I24>99, I25>99), "full access", "") -> full access | K24: =IF(AND(I24=0, J24<>"full access"), "ARC=0", "") | L24: =IF(AND(I24<0, J24<>"full access"), "ARC<0", "") | M24: =IF(AND(I24>0, J24<>"full access"), "ARC>0", "") | N24: =IF(A25=A24, (H25 - H24)/(B25 - B24), "") -> -3.877e-05 | O24: 0 | P24: 0.029994331 | Q24: 0 | R24: 100 | S24: =MIN(ROUND(R24, 0), 100) -> 100 | T24: =IF(AND(A24=A25, S24>99, S25>99), "full access", "") -> full access | U24: =IF(AND(S24=0, Q24<>"full access"), "ARC=0", "") | V24: =IF(AND(S24<0, Q24<>"full access"), "ARC<0", "") | W24: =IF(AND(S24>0, Q24<>"full access"), "ARC>0", "") -> ARC>0 | X24: =IF(A25=A24, (R25 - R24)/(B25 - B24), "") -> 0 | Y24: 0 | Z24: 0 | AA24: 0 | AB24: 99.965 | AC24: =MIN(ROUND(AB24, 0), 100) -> 100 | AD24: =IF(AND(A24=A25, AC24>99, AC25>99), "full access", "") -> full access | AE24: =IF(AND(AC24=0, X24<>"full access"), "ARC=0", "") | AF24: =IF(AND(AC24<0, X24<>"full access"), "ARC<0", "") | AG24: =IF(AND(AC24>0, X24<>"full access"), "ARC>0", "") -> ARC>0 | AH24: =IF(A25=A24, (AB25 - AB24)/(B25 - B24), "") -> 0 | AI24: 0 | AJ24: 0.035 | AK24: 0 | AL24: =IF(AND(MOD(ROW(), 2) = 0, ISNUMBER(X24), ISNUMBER(AH24)), X24 - AH24, "") -> 0
A25: Australia | B25: 2020 | C25: =VLOOKUP(A25, Regions!A:B, 2, FALSE) -> East Asia & Pacific | D25: =IF(A26=A25, B26-B25, "") | E25: =IF(AND(A25=A26,), AVERAGEIF(A25:A26, A26, B25:B26), "") | F25: 25499.88086 | G25: 86.240997 | H25: 99.969812 | I25: =MIN(ROUND(H25, 0), 100) -> 100 | J25: =IF(AND(A25=A26, I25>99, I26>99), "full access", "") | K25: =IF(AND(I25=0, J25<>"full access"), "ARC=0", "") | L25: =IF(AND(I25<0, J25<>"full access"), "ARC<0", "") | M25: =IF(AND(I25>0, J25<>"full access"), "ARC>0", "") -> ARC>0 | N25: =IF(A26=A25, (H26 - H25)/(B26 - B25), "") | O25: 0 | P25: 0.030188179 | Q25: 0 | R25: 100 | S25: =MIN(ROUND(R25, 0), 100) -> 100 | T25: =IF(AND(A25=A26, S25>99, S26>99), "full access", "") | U25: =IF(AND(S25=0, Q25<>"full access"), "ARC=0", "") | V25: =IF(AND(S25<0, Q25<>"full access"), "ARC<0", "") | W25: =IF(AND(S25>0, Q25<>"full access"), "ARC>0", "") -> ARC>0 | X25: =IF(A26=A25, (R26 - R25)/(B26 - B25), "") | Y25: 0 | Z25: 0 | AA25: 0 | AB25: 99.965 | AC25: =MIN(ROUND(AB25, 0), 100) -> 100 | AD25: =IF(AND(A25=A26, AC25>99, AC26>99), "full access", "") | AE25: =IF(AND(AC25=0, X25<>"full access"), "ARC=0", "") | AF25: =IF(AND(AC25<0, X25<>"full access"), "ARC<0", "") | AG25: =IF(AND(AC25>0, X25<>"full access"), "ARC>0", "") -> ARC>0 | AH25: =IF(A26=A25, (AB26 - AB25)/(B26 - B25), "") | AI25: 0 | AJ25: 0.035 | AK25: 0 | AL25: =IF(AND(MOD(ROW(), 2) = 0, ISNUMBER(X25), ISNUMBER(AH25)), X25 - AH25, "")
A26: Austria | B26: 2015 | C26: =VLOOKUP(A26, Regions!A:B, 2, FALSE) -> Europe & Central Asia | D26: =IF(A27=A26, B27-B26, "") -> 5 | E26: =IF(AND(A26=A27,), AVERAGEIF(A26:A27, A27, B26:B27), "") -> 2017.5 | F26: 8678.666992 | G26: 57.715 | H26: 100 | I26: =MIN(ROUND(H26, 0), 100) -> 100 | J26: =IF(AND(A26=A27, I26>99, I27>99), "full access", "") -> full access | K26: =IF(AND(I26=0, J26<>"full access"), "ARC=0", "") | L26: =IF(AND(I26<0, J26<>"full access"), "ARC<0", "") | M26: =IF(AND(I26>0, J26<>"full access"), "ARC>0", "") | N26: =IF(A27=A26, (H27 - H26)/(B27 - B26), "") -> 0 | O26: 0 | P26: 0 | Q26: 0 | R26: 100 | S26: =MIN(ROUND(R26, 0), 100) -> 100 | T26: =IF(AND(A26=A27, S26>99, S27>99), "full access", "") -> full access | U26: =IF(AND(S26=0, Q26<>"full access"), "ARC=0", "") | V26: =IF(AND(S26<0, Q26<>"full access"), "ARC<0", "") | W26: =IF(AND(S26>0, Q26<>"full access"), "ARC>0", "") -> ARC>0 | X26: =IF(A27=A26, (R27 - R26)/(B27 - B26), "") -> 0 | Y26: 0 | Z26: 0 | AA26: 0 | AB26: 100 | AC26: =MIN(ROUND(AB26, 0), 100) -> 100 | AD26: =IF(AND(A26=A27, AC26>99, AC27>99), "full access", "") -> full access | AE26: =IF(AND(AC26=0, X26<>"full access"), "ARC=0", "") | AF26: =IF(AND(AC26<0, X26<>"full access"), "ARC<0", "") | AG26: =IF(AND(AC26>0, X26<>"full access"), "ARC>0", "") -> ARC>0 | AH26: =IF(A27=A26, (AB27 - AB26)/(B27 - B26), "") -> 0 | AI26: 0 | AJ26: 0 | AK26: 0 | AL26: =IF(AND(MOD(ROW(), 2) = 0, ISNUMBER(X26), ISNUMBER(AH26)), X26 - AH26, "") -> 0
A27: Austria | B27: 2020 | C27: =VLOOKUP(A27, Regions!A:B, 2, FALSE) -> Europe & Central Asia | D27: =IF(A28=A27, B28-B27, "") | E27: =IF(AND(A27=A28,), AVERAGEIF(A27:A28, A28, B27:B28), "") | F27: 9006.400391 | G27: 58.748001 | H27: 100 | I27: =MIN(ROUND(H27, 0), 100) -> 100 | J27: =IF(AND(A27=A28, I27>99, I28>99), "full access", "") | K27: =IF(AND(I27=0, J27<>"full access"), "ARC=0", "") | L27: =IF(AND(I27<0, J27<>"full access"), "ARC<0", "") | M27: =IF(AND(I27>0, J27<>"full access"), "ARC>0", "") -> ARC>0 | N27: =IF(A28=A27, (H28 - H27)/(B28 - B27), "") | O27: 0 | P27: 0 | Q27: 0 | R27: 100 | S27: =MIN(ROUND(R27, 0), 100) -> 100 | T27: =IF(AND(A27=A28, S27>99, S28>99), "full access", "") | U27: =IF(AND(S27=0, Q27<>"full access"), "ARC=0", "") | V27: =IF(AND(S27<0, Q27<>"full access"), "ARC<0", "") | W27: =IF(AND(S27>0, Q27<>"full access"), "ARC>0", "") -> ARC>0 | X27: =IF(A28=A27, (R28 - R27)/(B28 - B27), "") | Y27: 0 | Z27: 0 | AA27: 0 | AB27: 100 | AC27: =MIN(ROUND(AB27, 0), 100) -> 100 | AD27: =IF(AND(A27=A28, AC27>99, AC28>99), "full access", "") | AE27: =IF(AND(AC27=0, X27<>"full access"), "ARC=0", "") | AF27: =IF(AND(AC27<0, X27<>"full access"), "ARC<0", "") | AG27: =IF(AND(AC27>0, X27<>"full access"), "ARC>0", "") -> ARC>0 | AH27: =IF(A28=A27, (AB28 - AB27)/(B28 - B27), "") | AI27: 0 | AJ27: 0 | AK27: 0 | AL27: =IF(AND(MOD(ROW(), 2) = 0, ISNUMBER(X27), ISNUMBER(AH27)), X27 - AH27, "")
A28: Azerbaijan | B28: 2015 | C28: =VLOOKUP(A28, Regions!A:B, 2, FALSE) -> Europe & Central Asia | D28: =IF(A29=A28, B29-B28, "") -> 5 | E28: =IF(AND(A28=A29,), AVERAGEIF(A28:A29, A29, B28:B29), "") -> 2017.5 | F28: 9622.741211 | G28: 54.714001 | H28: 92.420314 | I28: =MIN(ROUND(H28, 0), 100) -> 92 | J28: =IF(AND(A28=A29, I28>99, I29>99), "full access", "") | K28: =IF(AND(I28=0, J28<>"full access"), "ARC=0", "") | L28: =IF(AND(I28<0, J28<>"full access"), "ARC<0", "") | M28: =IF(AND(I28>0, J28<>"full access"), "ARC>0", "") -> ARC>0 | N28: =IF(A29=A28, (H29 - H28)/(B29 - B28), "") -> 0.72461243 | O28: 1.0022424 | P28: 4.3650895 | Q28: 2.2123541 | R28: 84.143213 | S28: =MIN(ROUND(R28, 0), 100) -> 84 | T28: =IF(AND(A28=A29, S28>99, S29>99), "full access", "") | U28: =IF(AND(S28=0, Q28<>"full access"), "ARC=0", "") | V28: =IF(AND(S28<0, Q28<>"full access"), "ARC<0", "") | W28: =IF(AND(S28>0, Q28<>"full access"), "ARC>0", "") -> ARC>0 | X28: =IF(A29=A28, (R29 - R28)/(B29 - B28), "") -> 1.3565169 | Y28: 2.2131397 | Z28: 8.988206 | AA28: 4.655441 | AB28: 99.271152 | AC28: =MIN(ROUND(AB28, 0), 100) -> 99 | AD28: =IF(AND(A28=A29, AC28>99, AC29>99), "full access", "") | AE28: =IF(AND(AC28=0, X28<>"full access"), "ARC=0", "") | AF28: =IF(AND(AC28<0, X28<>"full access"), "ARC<0", "") | AG28: =IF(AND(AC28>0, X28<>"full access"), "ARC>0", "") -> ARC>0 | AH28: =IF(A29=A28, (AB29 - AB28)/(B29 - B28), "") -> 0.14576959 | AI28: 0 | AJ28: 0.53860203 | AK28: 0.1902459339 | AL28: =IF(AND(MOD(ROW(), 2) = 0, ISNUMBER(X28), ISNUMBER(AH28)), X28 - AH28, "") -> 1.2107473
A29: Azerbaijan | B29: 2020 | C29: =VLOOKUP(A29, Regions!A:B, 2, FALSE) -> Europe & Central Asia | D29: =IF(A30=A29, B30-B29, "") | E29: =IF(AND(A29=A30,), AVERAGEIF(A29:A30, A30, B29:B30), "") | F29: 10139.1748 | G29: 56.397003 | H29: 96.043376 | I29: =MIN(ROUND(H29, 0), 100) -> 96 | J29: =IF(AND(A29=A30, I29>99, I30>99), "full access", "") | K29: =IF(AND(I29=0, J29<>"full access"), "ARC=0", "") | L29: =IF(AND(I29<0, J29<>"full access"), "ARC<0", "") | M29: =IF(AND(I29>0, J29<>"full access"), "ARC>0", "") -> ARC>0 | N29: =IF(A30=A29, (H30 - H29)/(B30 - B29), "") | O29: 1.0427812 | P29: 2.9138427 | Q29: 0 | R29: 90.925798 | S29: =MIN(ROUND(R29, 0), 100) -> 91 | T29: =IF(AND(A29=A30, S29>99, S30>99), "full access", "") | U29: =IF(AND(S29=0, Q29<>"full access"), "ARC=0", "") | V29: =IF(AND(S29<0, Q29<>"full access"), "ARC<0", "") | W29: =IF(AND(S29>0, Q29<>"full access"), "ARC>0", "") -> ARC>0 | X29: =IF(A30=A29, (R30 - R29)/(B30 - B29), "") | Y29: 2.3915357 | Z29: 6.6826664 | AA29: 0 | AB29: 100 | AC29: =MIN(ROUND(AB29, 0), 100) -> 100 | AD29: =IF(AND(A29=A30, AC29>99, AC30>99), "full access", "") | AE29: =IF(AND(AC29=0, X29<>"full access"), "ARC=0", "") | AF29: =IF(AND(AC29<0, X29<>"full access"), "ARC<0", "") | AG29: =IF(AND(AC29>0, X29<>"full access"), "ARC>0", "") -> ARC>0 | AH29: =IF(A30=A29, (AB30 - AB29)/(B30 - B29), "") | AI29: 0 | AJ29: 0 | AK29: 0 | AL29: =IF(AND(MOD(ROW(), 2) = 0, ISNUMBER(X29), ISNUMBER(AH29)), X29 - AH29, "")
A30: Bahamas | B30: 2015 | C30: =VLOOKUP(A30, Regions!A:B, 2, FALSE) -> Latin America & Caribbean | D30: =IF(A31=A30, B31-B30, "") -> 4 | E30: =IF(AND(A30=A31,), AVERAGEIF(A30:A31, A31, B30:B31), "") -> 2017 | F30: 374.2000122 | G30: 82.745995 | H30: 98.886961 | I30: =MIN(ROUND(H30, 0), 100) -> 99 | J30: =IF(AND(A30=A31, I30>99, I31>99), "full access", "") | K30: =IF(AND(I30=0, J30<>"full access"), "ARC=0", "") | L30: =IF(AND(I30<0, J30<>"full access"), "ARC<0", "") | M30: =IF(AND(I30>0, J30<>"full access"), "ARC>0", "") -> ARC>0 | N30: =IF(A31=A30, (H31 - H30)/(B31 - B30), "") -> 0 | O30: 0 | P30: 1.1130395 | Q30: 0 | S30: =MIN(ROUND(R30, 0), 100) -> 0 | T30: =IF(AND(A30=A31, S30>99, S31>99), "full access", "") | U30: =IF(AND(S30=0, Q30<>"full access"), "ARC=0", "") -> ARC=0 | V30: =IF(AND(S30<0, Q30<>"full access"), "ARC<0", "") | W30: =IF(AND(S30>0, Q30<>"full access"), "ARC>0", "") | X30: =IF(A31=A30, (R31 - R30)/(B31 - B30), "") -> 0 | AC30: =MIN(ROUND(AB30, 0), 100) -> 0 | AD30: =IF(AND(A30=A31, AC30>99, AC31>99), "full access", "") | AE30: =IF(AND(AC30=0, X30<>"full access"), "ARC=0", "") -> ARC=0 | AF30: =IF(AND(AC30<0, X30<>"full access"), "ARC<0", "") | AG30: =IF(AND(AC30>0, X30<>"full access"), "ARC>0", "") | AH30: =IF(A31=A30, (AB31 - AB30)/(B31 - B30), "") -> 0 | AL30: =IF(AND(MOD(ROW(), 2) = 0, ISNUMBER(X30), ISNUMBER(AH30)), X30 - AH30, "") -> 0
A31: Bahamas | B31: 2019 | C31: =VLOOKUP(A31, Regions!A:B, 2, FALSE) -> Latin America & Caribbean | D31: =IF(A32=A31, B32-B31, "") | E31: =IF(AND(A31=A32,), AVERAGEIF(A31:A32, A32, B31:B32), "") | F31: 389.4859924 | G31: 83.131996 | H31: 98.886961 | I31: =MIN(ROUND(H31, 0), 100) -> 99 | J31: =IF(AND(A31=A32, I31>99, I32>99), "full access", "") | K31: =IF(AND(I31=0, J31<>"full access"), "ARC=0", "") | L31: =IF(AND(I31<0, J31<>"full access"), "ARC<0", "") | M31: =IF(AND(I31>0, J31<>"full access"), "ARC>0", "") -> ARC>0 | N31: =IF(A32=A31, (H32 - H31)/(B32 - B31), "") | O31: 0 | P31: 1.1130395 | Q31: 0 | S31: =MIN(ROUND(R31, 0), 100) -> 0 | T31: =IF(AND(A31=A32, S31>99, S32>99), "full access", "") | U31: =IF(AND(S31=0, Q31<>"full access"), "ARC=0", "") -> ARC=0 | V31: =IF(AND(S31<0, Q31<>"full access"), "ARC<0", "") | W31: =IF(AND(S31>0, Q31<>"full access"), "ARC>0", "") | X31: =IF(A32=A31, (R32 - R31)/(B32 - B31), "") | AC31: =MIN(ROUND(AB31, 0), 100) -> 0 | AD31: =IF(AND(A31=A32, AC31>99, AC32>99), "full access", "") | AE31: =IF(AND(AC31=0, X31<>"full access"), "ARC=0", "") -> ARC=0 | AF31: =IF(AND(AC31<0, X31<>"full access"), "ARC<0", "") | AG31: =IF(AND(AC31>0, X31<>"full access"), "ARC>0", "") | AH31: =IF(A32=A31, (AB32 - AB31)/(B32 - B31), "") | AL31: =IF(AND(MOD(ROW(), 2) = 0, ISNUMBER(X31), ISNUMBER(AH31)), X31 - AH31, "")
A32: Bahrain | B32: 2015 | C32: =VLOOKUP(A32, Regions!A:B, 2, FALSE) -> Europe & Central Asia | D32: =IF(A33=A32, B33-B32, "") -> 5 | E32: =IF(AND(A32=A33,), AVERAGEIF(A32:A33, A33, B32:B33), "") -> 2017.5 | F32: 1371.853027 | G32: 88.998993 | H32: 100 | I32: =MIN(ROUND(H32, 0), 100) -> 100 | J32: =IF(AND(A32=A33, I32>99, I33>99), "full access", "") -> full access | K32: =IF(AND(I32=0, J32<>"full access"), "ARC=0", "") | L32: =IF(AND(I32<0, J32<>"full access"), "ARC<0", "") | M32: =IF(AND(I32>0, J32<>"full access"), "ARC>0", "") | N32: =IF(A33=A32, (H33 - H32)/(B33 - B32), "") -> 0 | O32: 0 | P32: 0 | Q32: 0 | S32: =MIN(ROUND(R32, 0), 100) -> 0 | T32: =IF(AND(A32=A33, S32>99, S33>99), "full access", "") | U32: =IF(AND(S32=0, Q32<>"full access"), "ARC=0", "") -> ARC=0 | V32: =IF(AND(S32<0, Q32<>"full access"), "ARC<0", "") | W32: =IF(AND(S32>0, Q32<>"full access"), "ARC>0", "") | X32: =IF(A33=A32, (R33 - R32)/(B33 - B32), "") -> 0 | AC32: =MIN(ROUND(AB32, 0), 100) -> 0 | AD32: =IF(AND(A32=A33, AC32>99, AC33>99), "full access", "") | AE32: =IF(AND(AC32=0, X32<>"full access"), "ARC=0", "") -> ARC=0 | AF32: =IF(AND(AC32<0, X32<>"full access"), "ARC<0", "") | AG32: =IF(AND(AC32>0, X32<>"full access"), "ARC>0", "") | AH32: =IF(A33=A32, (AB33 - AB32)/(B33 - B32), "") -> 0 | AL32: =IF(AND(MOD(ROW(), 2) = 0, ISNUMBER(X32), ISNUMBER(AH32)), X32 - AH32, "") -> 0
A33: Bahrain | B33: 2020 | C33: =VLOOKUP(A33, Regions!A:B, 2, FALSE) -> Europe & Central Asia | D33: =IF(A34=A33, B34-B33, "") | E33: =IF(AND(A33=A34,), AVERAGEIF(A33:A34, A34, B33:B34), "") | F33: 1701.583008 | G33: 89.506004 | H33: 100 | I33: =MIN(ROUND(H33, 0), 100) -> 100 | J33: =IF(AND(A33=A34, I33>99, I34>99), "full access", "") | K33: =IF(AND(I33=0, J33<>"full access"), "ARC=0", "") | L33: =IF(AND(I33<0, J33<>"full access"), "ARC<0", "") | M33: =IF(AND(I33>0, J33<>"full access"), "ARC>0", "") -> ARC>0 | N33: =IF(A34=A33, (H34 - H33)/(B34 - B33), "") | O33: 0 | P33: 0 | Q33: 0 | S33: =MIN(ROUND(R33, 0), 100) -> 0 | T33: =IF(AND(A33=A34, S33>99, S34>99), "full access", "") | U33: =IF(AND(S33=0, Q33<>"full access"), "ARC=0", "") -> ARC=0 | V33: =IF(AND(S33<0, Q33<>"full access"), "ARC<0", "") | W33: =IF(AND(S33>0, Q33<>"full access"), "ARC>0", "") | X33: =IF(A34=A33, (R34 - R33)/(B34 - B33), "") | AC33: =MIN(ROUND(AB33, 0), 100) -> 0 | AD33: =IF(AND(A33=A34, AC33>99, AC34>99), "full access", "") | AE33: =IF(AND(AC33=0, X33<>"full access"), "ARC=0", "") -> ARC=0 | AF33: =IF(AND(AC33<0, X33<>"full access"), "ARC<0", "") | AG33: =IF(AND(AC33>0, X33<>"full access"), "ARC>0", "") | AH33: =IF(A34=A33, (AB34 - AB33)/(B34 - B33), "") | AL33: =IF(AND(MOD(ROW(), 2) = 0, ISNUMBER(X33), ISNUMBER(AH33)), X33 - AH33, "")
A34: Bangladesh | B34: 2015 | C34: =VLOOKUP(A34, Regions!A:B, 2, FALSE) -> South Asia | D34: =IF(A35=A34, B35-B34, "") -> 5 | E34: =IF(AND(A34=A35,), AVERAGEIF(A34:A35, A35, B34:B35), "") -> 2017.5 | F34: 156256.2813 | G34: 34.308002 | H34: 97.101602 | I34: =MIN(ROUND(H34, 0), 100) -> 97 | J34: =IF(AND(A34=A35, I34>99, I35>99), "full access", "") | K34: =IF(AND(I34=0, J34<>"full access"), "ARC=0", "") | L34: =IF(AND(I34<0, J34<>"full access"), "ARC<0", "") | M34: =IF(AND(I34>0, J34<>"full access"), "ARC>0", "") -> ARC>0 | N34: =IF(A35=A34, (H35 - H34)/(B35 - B34), "") -> 0.11927156 | O34: 1.087989 | P34: 0.72156166 | Q34: 1.0888469 | R34: 96.773011 | S34: =MIN(ROUND(R34, 0), 100) -> 97 | T34: =IF(AND(A34=A35, S34>99, S35>99), "full access", "") | U34: =IF(AND(S34=0, Q34<>"full access"), "ARC=0", "") | V34: =IF(AND(S34<0, Q34<>"full access"), "ARC<0", "") | W34: =IF(AND(S34>0, Q34<>"full access"), "ARC>0", "") -> ARC>0 | X34: =IF(A35=A34, (R35 - R34)/(B35 - B34), "") -> 0.2214453 | Y34: 1.0462142 | Z34: 0.73174732 | AA34: 1.4490272 | AB34: 97.73078 | AC34: =MIN(ROUND(AB34, 0), 100) -> 98 | AD34: =IF(AND(A34=A35, AC34>99, AC35>99), "full access", "") | AE34: =IF(AND(AC34=0, X34<>"full access"), "ARC=0", "") | AF34: =IF(AND(AC34<0, X34<>"full access"), "ARC<0", "") | AG34: =IF(AND(AC34>0, X34<>"full access"), "ARC>0", "") -> ARC>0 | AH34: =IF(A35=A34, (AB35 - AB34)/(B35 - B34), "") -> -0.065600342 | AI34: 1.1679782 | AJ34: 0.70205843 | AK34: 0.3991837074 | AL34: =IF(AND(MOD(ROW(), 2) = 0, ISNUMBER(X34), ISNUMBER(AH34)), X34 - AH34, "") -> 0.28704564
A35: Bangladesh | B35: 2020 | C35: =VLOOKUP(A35, Regions!A:B, 2, FALSE) -> South Asia | D35: =IF(A36=A35, B36-B35, "") | E35: =IF(AND(A35=A36,), AVERAGEIF(A35:A36, A36, B35:B36), "") | F35: 164689.3906 | G35: 38.177002 | H35: 97.69796 | I35: =MIN(ROUND(H35, 0), 100) -> 98 | J35: =IF(AND(A35=A36, I35>99, I36>99), "full access", "") | K35: =IF(AND(I35=0, J35<>"full access"), "ARC=0", "") | L35: =IF(AND(I35<0, J35<>"full access"), "ARC<0", "") | M35: =IF(AND(I35>0, J35<>"full access"), "ARC>0", "") -> ARC>0 | N35: =IF(A36=A35, (H36 - H35)/(B36 - B35), "") | O35: 1.1564259 | P35: 0.4626557 | Q35: 0.68295817 | R35: 97.880238 | S35: =MIN(ROUND(R35, 0), 100) -> 98 | T35: =IF(AND(A35=A36, S35>99, S36>99), "full access", "") | U35: =IF(AND(S35=0, Q35<>"full access"), "ARC=0", "") | V35: =IF(AND(S35<0, Q35<>"full access"), "ARC<0", "") | W35: =IF(AND(S35>0, Q35<>"full access"), "ARC>0", "") -> ARC>0 | X35: =IF(A36=A35, (R36 - R35)/(B36 - B35), "") | Y35: 0.85810498 | Z35: 0.31648024 | AA35: 0.94517702 | AB35: 97.402778 | AC35: =MIN(ROUND(AB35, 0), 100) -> 97 | AD35: =IF(AND(A35=A36, AC35>99, AC36>99), "full access", "") | AE35: =IF(AND(AC35=0, X35<>"full access"), "ARC=0", "") | AF35: =IF(AND(AC35<0, X35<>"full access"), "ARC<0", "") | AG35: =IF(AND(AC35>0, X35<>"full access"), "ARC>0", "") -> ARC>0 | AH35: =IF(A36=A35, (AB36 - AB35)/(B36 - B35), "") | AI35: 1.6395201 | AJ35: 0.69937521 | AK35: 0.2583266934 | AL35: =IF(AND(MOD(ROW(), 2) = 0, ISNUMBER(X35), ISNUMBER(AH35)), X35 - AH35, "")
A36: Barbados | B36: 2015 | C36: =VLOOKUP(A36, Regions!A:B, 2, FALSE) -> Latin America & Caribbean | D36: =IF(A37=A36, B37-B36, "") -> 5 | E36: =IF(AND(A36=A37,), AVERAGEIF(A36:A37, A37, B36:B37), "") -> 2017.5 | F36: 285.3269958 | G36: 31.248999 | H36: 98.474445 | I36: =MIN(ROUND(H36, 0), 100) -> 98 | J36: =IF(AND(A36=A37, I36>99, I37>99), "full access", "") | K36: =IF(AND(I36=0, J36<>"full access"), "ARC=0", "") | L36: =IF(AND(I36<0, J36<>"full access"), "ARC<0", "") | M36: =IF(AND(I36>0, J36<>"full access"), "ARC>0", "") -> ARC>0 | N36: =IF(A37=A36, (H37 - H36)/(B37 - B36), "") -> 0.008001136 | O36: 0.26749191 | P36: 1.2580634 | Q36: 0 | S36: =MIN(ROUND(R36, 0), 100) -> 0 | T36: =IF(AND(A36=A37, S36>99, S37>99), "full access", "") | U36: =IF(AND(S36=0, Q36<>"full access"), "ARC=0", "") -> ARC=0 | V36: =IF(AND(S36<0, Q36<>"full access"), "ARC<0", "") | W36: =IF(AND(S36>0, Q36<>"full access"), "ARC>0", "") | X36: =IF(A37=A36, (R37 - R36)/(B37 - B36), "") -> 0 | AC36: =MIN(ROUND(AB36, 0), 100) -> 0 | AD36: =IF(AND(A36=A37, AC36>99, AC37>99), "full access", "") | AE36: =IF(AND(AC36=0, X36<>"full access"), "ARC=0", "") -> ARC=0 | AF36: =IF(AND(AC36<0, X36<>"full access"), "ARC<0", "") | AG36: =IF(AND(AC36>0, X36<>"full access"), "ARC>0", "") | AH36: =IF(A37=A36, (AB37 - AB36)/(B37 - B36), "") -> 0 | AL36: =IF(AND(MOD(ROW(), 2) = 0, ISNUMBER(X36), ISNUMBER(AH36)), X36 - AH36, "") -> 0
A37: Barbados | B37: 2020 | C37: =VLOOKUP(A37, Regions!A:B, 2, FALSE) -> Latin America & Caribbean | D37: =IF(A38=A37, B38-B37, "") | E37: =IF(AND(A37=A38,), AVERAGEIF(A37:A38, A38, B37:B38), "") | F37: 287.3710022 | G37: 31.191 | H37: 98.51445 | I37: =MIN(ROUND(H37, 0), 100) -> 99 | J37: =IF(AND(A37=A38, I37>99, I38>99), "full access", "") | K37: =IF(AND(I37=0, J37<>"full access"), "ARC=0", "") | L37: =IF(AND(I37<0, J37<>"full access"), "ARC<0", "") | M37: =IF(AND(I37>0, J37<>"full access"), "ARC>0", "") -> ARC>0 | N37: =IF(A38=A37, (H38 - H37)/(B38 - B37), "") | O37: 0.26760058 | P37: 1.217949 | Q37: 0 | S37: =MIN(ROUND(R37, 0), 100) -> 0 | T37: =IF(AND(A37=A38, S37>99, S38>99), "full access", "") | U37: =IF(AND(S37=0, Q37<>"full access"), "ARC=0", "") -> ARC=0 | V37: =IF(AND(S37<0, Q37<>"full access"), "ARC<0", "") | W37: =IF(AND(S37>0, Q37<>"full access"), "ARC>0", "") | X37: =IF(A38=A37, (R38 - R37)/(B38 - B37), "") | AC37: =MIN(ROUND(AB37, 0), 100) -> 0 | AD37: =IF(AND(A37=A38, AC37>99, AC38>99), "full access", "") | AE37: =IF(AND(AC37=0, X37<>"full access"), "ARC=0", "") -> ARC=0 | AF37: =IF(AND(AC37<0, X37<>"full access"), "ARC<0", "") | AG37: =IF(AND(AC37>0, X37<>"full access"), "ARC>0", "") | AH37: =IF(A38=A37, (AB38 - AB37)/(B38 - B37), "") | AL37: =IF(AND(MOD(ROW(), 2) = 0, ISNUMBER(X37), ISNUMBER(AH37)), X37 - AH37, "")
A38: Belarus | B38: 2015 | C38: =VLOOKUP(A38, Regions!A:B, 2, FALSE) -> Europe & Central Asia | D38: =IF(A39=A38, B39-B38, "") -> 5 | E38: =IF(AND(A38=A39,), AVERAGEIF(A38:A39, A39, B38:B39), "") -> 2017.5 | F38: 9439.423828 | G38: 77.181 | H38: 96.477067 | I38: =MIN(ROUND(H38, 0), 100) -> 96 | J38: =IF(AND(A38=A39, I38>99, I39>99), "full access", "") | K38: =IF(AND(I38=0, J38<>"full access"), "ARC=0", "") | L38: =IF(AND(I38<0, J38<>"full access"), "ARC<0", "") | M38: =IF(AND(I38>0, J38<>"full access"), "ARC>0", "") -> ARC>0 | N38: =IF(A39=A38, (H39 - H38)/(B39 - B38), "") -> 0.011531798 | O38: 3.3001301 | P38: 0.2228028 | Q38: 0 | R38: 98.330672 | S38: =MIN(ROUND(R38, 0), 100) -> 98 | T38: =IF(AND(A38=A39, S38>99, S39>99), "full access", "") | U38: =IF(AND(S38=0, Q38<>"full access"), "ARC=0", "") | V38: =IF(AND(S38<0, Q38<>"full access"), "ARC<0", "") | W38: =IF(AND(S38>0, Q38<>"full access"), "ARC>0", "") -> ARC>0 | X38: =IF(A39=A38, (R39 - R38)/(B39 - B38), "") -> 0.046690142 | Y38: 0.99323911 | Z38: 0.67608929 | AA38: 0 | AB38: 95.929035 | AC38: =MIN(ROUND(AB38, 0), 100) -> 96 | AD38: =IF(AND(A38=A39, AC38>99, AC39>99), "full access", "") | AE38: =IF(AND(AC38=0, X38<>"full access"), "ARC=0", "") | AF38: =IF(AND(AC38<0, X38<>"full access"), "ARC<0", "") | AG38: =IF(AND(AC38>0, X38<>"full access"), "ARC>0", "") -> ARC>0 | AH38: =IF(A39=A38, (AB39 - AB38)/(B39 - B38), "") -> 0.016367688 | AI38: 3.9821754 | AJ38: 0.088789424 | AK38: 0 | AL38: =IF(AND(MOD(ROW(), 2) = 0, ISNUMBER(X38), ISNUMBER(AH38)), X38 - AH38, "") -> 0.030322454
A39: Belarus | B39: 2020 | C39: =VLOOKUP(A39, Regions!A:B, 2, FALSE) -> Europe & Central Asia | D39: =IF(A40=A39, B40-B39, "") | E39: =IF(AND(A39=A40,), AVERAGEIF(A39:A40, A40, B39:B40), "") | F39: 9449.321289 | G39: 79.483002 | H39: 96.534726 | I39: =MIN(ROUND(H39, 0), 100) -> 97 | J39: =IF(AND(A39=A40, I39>99, I40>99), "full access", "") | K39: =IF(AND(I39=0, J39<>"full access"), "ARC=0", "") | L39: =IF(AND(I39<0, J39<>"full access"), "ARC<0", "") | M39: =IF(AND(I39>0, J39<>"full access"), "ARC>0", "") -> ARC>0 | N39: =IF(A40=A39, (H40 - H39)/(B40 - B39), "") | O39: 3.3721195 | P39: 0.093154368 | Q39: 0 | R39: 98.564122 | S39: =MIN(ROUND(R39, 0), 100) -> 99 | T39: =IF(AND(A39=A40, S39>99, S40>99), "full access", "") | U39: =IF(AND(S39=0, Q39<>"full access"), "ARC=0", "") | V39: =IF(AND(S39<0, Q39<>"full access"), "ARC<0", "") | W39: =IF(AND(S39>0, Q39<>"full access"), "ARC>0", "") -> ARC>0 | X39: =IF(A40=A39, (R40 - R39)/(B40 - B39), "") | Y39: 0.9955972 | Z39: 0.44028049 | AA39: 0 | AB39: 96.010874 | AC39: =MIN(ROUND(AB39, 0), 100) -> 96 | AD39: =IF(AND(A39=A40, AC39>99, AC40>99), "full access", "") | AE39: =IF(AND(AC39=0, X39<>"full access"), "ARC=0", "") | AF39: =IF(AND(AC39<0, X39<>"full access"), "ARC<0", "") | AG39: =IF(AND(AC39>0, X39<>"full access"), "ARC>0", "") -> ARC>0 | AH39: =IF(A40=A39, (AB40 - AB39)/(B40 - B39), "") | AI39: 3.9855726 | AJ39: 0.003553732 | AK39: 0 | AL39: =IF(AND(MOD(ROW(), 2) = 0, ISNUMBER(X39), ISNUMBER(AH39)), X39 - AH39, "")
A40: Belgium | B40: 2015 | C40: =VLOOKUP(A40, Regions!A:B, 2, FALSE) -> Europe & Central Asia | D40: =IF(A41=A40, B41-B40, "") -> 5 | E40: =IF(AND(A40=A41,), AVERAGEIF(A40:A41, A41, B40:B41), "") -> 2017.5 | F40: 11287.93066 | G40: 97.875999 | H40: 99.999998 | I40: =MIN(ROUND(H40, 0), 100) -> 100 | J40: =IF(AND(A40=A41, I40>99, I41>99), "full access", "") -> full access | K40: =IF(AND(I40=0, J40<>"full access"), "ARC=0", "") | L40: =IF(AND(I40<0, J40<>"full access"), "ARC<0", "") | M40: =IF(AND(I40>0, J40<>"full access"), "ARC>0", "") | N40: =IF(A41=A40, (H41 - H40)/(B41 - B40), "") -> -2.5e-07 | O40: 0 | P40: 2.2980245e-06 | Q40: 0 | R40: 100 | S40: =MIN(ROUND(R40, 0), 100) -> 100 | T40: =IF(AND(A40=A41, S40>99, S41>99), "full access", "") -> full access | U40: =IF(AND(S40=0, Q40<>"full access"), "ARC=0", "") | V40: =IF(AND(S40<0, Q40<>"full access"), "ARC<0", "") | W40: =IF(AND(S40>0, Q40<>"full access"), "ARC>0", "") -> ARC>0 | X40: =IF(A41=A40, (R41 - R40)/(B41 - B40), "") -> 0 | Y40: 0 | Z40: 0 | AA40: 0 | AB40: 100 | AC40: =MIN(ROUND(AB40, 0), 100) -> 100 | AD40: =IF(AND(A40=A41, AC40>99, AC41>99), "full access", "") -> full access | AE40: =IF(AND(AC40=0, X40<>"full access"), "ARC=0", "") | AF40: =IF(AND(AC40<0, X40<>"full access"), "ARC<0", "") | AG40: =IF(AND(AC40>0, X40<>"full access"), "ARC>0", "") -> ARC>0 | AH40: =IF(A41=A40, (AB41 - AB40)/(B41 - B40), "") -> 0 | AI40: 0 | AJ40: 0 | AK40: 0 | AL40: =IF(AND(MOD(ROW(), 2) = 0, ISNUMBER(X40), ISNUMBER(AH40)), X40 - AH40, "") -> 0
A41: Belgium | B41: 2020 | C41: =VLOOKUP(A41, Regions!A:B, 2, FALSE) -> Europe & Central Asia | D41: =IF(A42=A41, B42-B41, "") | E41: =IF(AND(A41=A42,), AVERAGEIF(A41:A42, A42, B41:B42), "") | F41: 11589.61621 | G41: 98.078995 | H41: 99.999996 | I41: =MIN(ROUND(H41, 0), 100) -> 100 | J41: =IF(AND(A41=A42, I41>99, I42>99), "full access", "") | K41: =IF(AND(I41=0, J41<>"full access"), "ARC=0", "") | L41: =IF(AND(I41<0, J41<>"full access"), "ARC<0", "") | M41: =IF(AND(I41>0, J41<>"full access"), "ARC>0", "") -> ARC>0 | N41: =IF(A42=A41, (H42 - H41)/(B42 - B41), "") | O41: 0 | P41: 3.5547968e-06 | Q41: 0 | R41: 100 | S41: =MIN(ROUND(R41, 0), 100) -> 100 | T41: =IF(AND(A41=A42, S41>99, S42>99), "full access", "") | U41: =IF(AND(S41=0, Q41<>"full access"), "ARC=0", "") | V41: =IF(AND(S41<0, Q41<>"full access"), "ARC<0", "") | W41: =IF(AND(S41>0, Q41<>"full access"), "ARC>0", "") -> ARC>0 | X41: =IF(A42=A41, (R42 - R41)/(B42 - B41), "") | Y41: 0 | Z41: 0 | AA41: 0 | AB41: 100 | AC41: =MIN(ROUND(AB41, 0), 100) -> 100 | AD41: =IF(AND(A41=A42, AC41>99, AC42>99), "full access", "") | AE41: =IF(AND(AC41=0, X41<>"full access"), "ARC=0", "") | AF41: =IF(AND(AC41<0, X41<>"full access"), "ARC<0", "") | AG41: =IF(AND(AC41>0, X41<>"full access"), "ARC>0", "") -> ARC>0 | AH41: =IF(A42=A41, (AB42 - AB41)/(B42 - B41), "") | AI41: 0 | AJ41: 0 | AK41: 0 | AL41: =IF(AND(MOD(ROW(), 2) = 0, ISNUMBER(X41), ISNUMBER(AH41)), X41 - AH41, "")
A42: Belize | B42: 2015 | C42: =VLOOKUP(A42, Regions!A:B, 2, FALSE) -> Latin America & Caribbean | D42: =IF(A43=A42, B43-B42, "") -> 5 | E42: =IF(AND(A42=A43,), AVERAGEIF(A42:A43, A43, B42:B43), "") -> 2017.5 | F42: 360.9259949 | G42: 45.405998 | H42: 97.175595 | I42: =MIN(ROUND(H42, 0), 100) -> 97 | J42: =IF(AND(A42=A43, I42>99, I43>99), "full access", "") | K42: =IF(AND(I42=0, J42<>"full access"), "ARC=0", "") | L42: =IF(AND(I42<0, J42<>"full access"), "ARC<0", "") | M42: =IF(AND(I42>0, J42<>"full access"), "ARC>0", "") -> ARC>0 | N42: =IF(A43=A42, (H43 - H42)/(B43 - B42), "") -> 0.24527193 | O42: 1.2279405 | P42: 1.5682225 | Q42: 0.028241988 | R42: 95.653832 | S42: =MIN(ROUND(R42, 0), 100) -> 96 | T42: =IF(AND(A42=A43, S42>99, S43>99), "full access", "") | U42: =IF(AND(S42=0, Q42<>"full access"), "ARC=0", "") | V42: =IF(AND(S42<0, Q42<>"full access"), "ARC<0", "") | W42: =IF(AND(S42>0, Q42<>"full access"), "ARC>0", "") -> ARC>0 | X42: =IF(A43=A42, (R43 - R42)/(B43 - B42), "") -> 0.4682751 | Y42: 1.421919 | Z42: 2.872518 | AA42: 0.051730936 | AB42: 99.00529 | AC42: =MIN(ROUND(AB42, 0), 100) -> 99 | AD42: =IF(AND(A42=A43, AC42>99, AC43>99), "full access", "") | AE42: =IF(AND(AC42=0, X42<>"full access"), "ARC=0", "") | AF42: =IF(AND(AC42<0, X42<>"full access"), "ARC<0", "") | AG42: =IF(AND(AC42>0, X42<>"full access"), "ARC>0", "") -> ARC>0 | AH42: =IF(A43=A42, (AB43 - AB42)/(B43 - B42), "") -> -0.025266 | AI42: 0.99471 | AJ42: 0 | AK42: 0 | AL42: =IF(AND(MOD(ROW(), 2) = 0, ISNUMBER(X42), ISNUMBER(AH42)), X42 - AH42, "") -> 0.4935411
A43: Belize | B43: 2020 | C43: =VLOOKUP(A43, Regions!A:B, 2, FALSE) -> Latin America & Caribbean | D43: =IF(A44=A43, B44-B43, "") | E43: =IF(AND(A43=A44,), AVERAGEIF(A43:A44, A44, B43:B44), "") | F43: 397.6210022 | G43: 46.025002 | H43: 98.401955 | I43: =MIN(ROUND(H43, 0), 100) -> 98 | J43: =IF(AND(A43=A44, I43>99, I44>99), "full access", "") | K43: =IF(AND(I43=0, J43<>"full access"), "ARC=0", "") | L43: =IF(AND(I43<0, J43<>"full access"), "ARC<0", "") | M43: =IF(AND(I43>0, J43<>"full access"), "ARC>0", "") -> ARC>0 | N43: =IF(A44=A43, (H44 - H43)/(B44 - B43), "") | O43: 1.2491106 | P43: 0.34893474 | Q43: 0 | R43: 97.995208 | S43: =MIN(ROUND(R43, 0), 100) -> 98 | T43: =IF(AND(A43=A44, S43>99, S44>99), "full access", "") | U43: =IF(AND(S43=0, Q43<>"full access"), "ARC=0", "") | V43: =IF(AND(S43<0, Q43<>"full access"), "ARC<0", "") | W43: =IF(AND(S43>0, Q43<>"full access"), "ARC>0", "") -> ARC>0 | X43: =IF(A44=A43, (R44 - R43)/(B44 - B43), "") | Y43: 1.3583177 | Z43: 0.64647474 | AA43: 0 | AB43: 98.87896 | AC43: =MIN(ROUND(AB43, 0), 100) -> 99 | AD43: =IF(AND(A43=A44, AC43>99, AC44>99), "full access", "") | AE43: =IF(AND(AC43=0, X43<>"full access"), "ARC=0", "") | AF43: =IF(AND(AC43<0, X43<>"full access"), "ARC<0", "") | AG43: =IF(AND(AC43>0, X43<>"full access"), "ARC>0", "") -> ARC>0 | AH43: =IF(A44=A43, (AB44 - AB43)/(B44 - B43), "") | AI43: 1.12104 | AJ43: 0 | AK43: 0 | AL43: =IF(AND(MOD(ROW(), 2) = 0, ISNUMBER(X43), ISNUMBER(AH43)), X43 - AH43, "")
A44: Benin | B44: 2015 | C44: =VLOOKUP(A44, Regions!A:B, 2, FALSE) -> Sub-Saharan Africa | D44: =IF(A45=A44, B45-B44, "") -> 5 | E44: =IF(AND(A44=A45,), AVERAGEIF(A44:A45, A45, B44:B45), "") -> 2017.5 | F44: 10575.96191 | G44: 45.695004 | H44: 64.786822 | I44: =MIN(ROUND(H44, 0), 100) -> 65 | J44: =IF(AND(A44=A45, I44>99, I45>99), "full access", "") | K44: =IF(AND(I44=0, J44<>"full access"), "ARC=0", "") | L44: =IF(AND(I44<0, J44<>"full access"), "ARC<0", "") | M44: =IF(AND(I44>0, J44<>"full access"), "ARC>0", "") -> ARC>0 | N44: =IF(A45=A44, (H45 - H44)/(B45 - B44), "") -> 0.12546014 | O44: 8.7154707 | P44: 21.298464 | Q44: 5.1992427 | R44: 56.784352 | S44: =MIN(ROUND(R44, 0), 100) -> 57 | T44: =IF(AND(A44=A45, S44>99, S45>99), "full access", "") | U44: =IF(AND(S44=0, Q44<>"full access"), "ARC=0", "") | V44: =IF(AND(S44<0, Q44<>"full access"), "ARC<0", "") | W44: =IF(AND(S44>0, Q44<>"full access"), "ARC>0", "") -> ARC>0 | X44: =IF(A45=A44, (R45 - R44)/(B45 - B44), "") -> 0.2535831 | Y44: 11.703371 | Z44: 23.774979 | AA44: 7.7372983 | AB44: 74.297143 | AC44: =MIN(ROUND(AB44, 0), 100) -> 74 | AD44: =IF(AND(A44=A45, AC44>99, AC45>99), "full access", "") | AE44: =IF(AND(AC44=0, X44<>"full access"), "ARC=0", "") | AF44: =IF(AND(AC44<0, X44<>"full access"), "ARC<0", "") | AG44: =IF(AND(AC44>0, X44<>"full access"), "ARC>0", "") -> ARC>0 | AH44: =IF(A45=A44, (AB45 - AB44)/(B45 - B44), "") -> -0.2078285 | AI44: 5.1645812 | AJ44: 18.355318 | AK44: 2.182958756 | AL44: =IF(AND(MOD(ROW(), 2) = 0, ISNUMBER(X44), ISNUMBER(AH44)), X44 - AH44, "") -> 0.46141161
A45: Benin | B45: 2020 | C45: =VLOOKUP(A45, Regions!A:B, 2, FALSE) -> Sub-Saharan Africa | D45: =IF(A46=A45, B46-B45, "") | E45: =IF(AND(A45=A46,), AVERAGEIF(A45:A46, A46, B45:B46), "") | F45: 12123.19824 | G45: 48.414997 | H45: 65.414123 | I45: =MIN(ROUND(H45, 0), 100) -> 65 | J45: =IF(AND(A45=A46, I45>99, I46>99), "full access", "") | K45: =IF(AND(I45=0, J45<>"full access"), "ARC=0", "") | L45: =IF(AND(I45<0, J45<>"full access"), "ARC<0", "") | M45: =IF(AND(I45>0, J45<>"full access"), "ARC>0", "") -> ARC>0 | N45: =IF(A46=A45, (H46 - H45)/(B46 - B45), "") | O45: 9.3175356 | P45: 21.972541 | Q45: 3.2958005 | R45: 58.052268 | S45: =MIN(ROUND(R45, 0), 100) -> 58 | T45: =IF(AND(A45=A46, S45>99, S46>99), "full access", "") | U45: =IF(AND(S45=0, Q45<>"full access"), "ARC=0", "") | V45: =IF(AND(S45<0, Q45<>"full access"), "ARC<0", "") | W45: =IF(AND(S45>0, Q45<>"full access"), "ARC>0", "") -> ARC>0 | X45: =IF(A46=A45, (R46 - R45)/(B46 - B45), "") | Y45: 12.705205 | Z45: 23.977968 | AA45: 5.2645586 | AB45: 73.258 | AC45: =MIN(ROUND(AB45, 0), 100) -> 73 | AD45: =IF(AND(A45=A46, AC45>99, AC46>99), "full access", "") | AE45: =IF(AND(AC45=0, X45<>"full access"), "ARC=0", "") | AF45: =IF(AND(AC45<0, X45<>"full access"), "ARC<0", "") | AG45: =IF(AND(AC45>0, X45<>"full access"), "ARC>0", "") -> ARC>0 | AH45: =IF(A46=A45, (AB46 - AB45)/(B46 - B45), "") | AI45: 5.7080564 | AJ45: 19.835807 | AK45: 1.198136794 | AL45: =IF(AND(MOD(ROW(), 2) = 0, ISNUMBER(X45), ISNUMBER(AH45)), X45 - AH45, "")
A46: Bermuda | B46: 2015 | C46: =VLOOKUP(A46, Regions!A:B, 2, FALSE) -> North America | D46: =IF(A47=A46, B47-B46, "") -> 5 | E46: =IF(AND(A46=A47,), AVERAGEIF(A46:A47, A47, B46:B47), "") -> 2017.5 | F46: 63.69499969 | G46: 100 | H46: 99.90314 | I46: =MIN(ROUND(H46, 0), 100) -> 100 | J46: =IF(AND(A46=A47, I46>99, I47>99), "full access", "") -> full access | K46: =IF(AND(I46=0, J46<>"full access"), "ARC=0", "") | L46: =IF(AND(I46<0, J46<>"full access"), "ARC<0", "") | M46: =IF(AND(I46>0, J46<>"full access"), "ARC>0", "") | N46: =IF(A47=A46, (H47 - H46)/(B47 - B46), "") -> 0 | O46: 0 | P46: 0.096859983 | Q46: 0 | S46: =MIN(ROUND(R46, 0), 100) -> 0 | T46: =IF(AND(A46=A47, S46>99, S47>99), "full access", "") | U46: =IF(AND(S46=0, Q46<>"full access"), "ARC=0", "") -> ARC=0 | V46: =IF(AND(S46<0, Q46<>"full access"), "ARC<0", "") | W46: =IF(AND(S46>0, Q46<>"full access"), "ARC>0", "") | X46: =IF(A47=A46, (R47 - R46)/(B47 - B46), "") -> 0 | AB46: 99.90314 | AC46: =MIN(ROUND(AB46, 0), 100) -> 100 | AD46: =IF(AND(A46=A47, AC46>99, AC47>99), "full access", "") -> full access | AE46: =IF(AND(AC46=0, X46<>"full access"), "ARC=0", "") | AF46: =IF(AND(AC46<0, X46<>"full access"), "ARC<0", "") | AG46: =IF(AND(AC46>0, X46<>"full access"), "ARC>0", "") -> ARC>0 | AH46: =IF(A47=A46, (AB47 - AB46)/(B47 - B46), "") -> 0 | AI46: 0 | AJ46: 0.096859983 | AK46: 0 | AL46: =IF(AND(MOD(ROW(), 2) = 0, ISNUMBER(X46), ISNUMBER(AH46)), X46 - AH46, "") -> 0
A47: Bermuda | B47: 2020 | C47: =VLOOKUP(A47, Regions!A:B, 2, FALSE) -> North America | D47: =IF(A48=A47, B48-B47, "") | E47: =IF(AND(A47=A48,), AVERAGEIF(A47:A48, A48, B47:B48), "") | F47: 62.27299881 | G47: 100 | H47: 99.90314 | I47: =MIN(ROUND(H47, 0), 100) -> 100 | J47: =IF(AND(A47=A48, I47>99, I48>99), "full access", "") | K47: =IF(AND(I47=0, J47<>"full access"), "ARC=0", "") | L47: =IF(AND(I47<0, J47<>"full access"), "ARC<0", "") | M47: =IF(AND(I47>0, J47<>"full access"), "ARC>0", "") -> ARC>0 | N47: =IF(A48=A47, (H48 - H47)/(B48 - B47), "") | O47: 0 | P47: 0.096859983 | Q47: 0 | S47: =MIN(ROUND(R47, 0), 100) -> 0 | T47: =IF(AND(A47=A48, S47>99, S48>99), "full access", "") | U47: =IF(AND(S47=0, Q47<>"full access"), "ARC=0", "") -> ARC=0 | V47: =IF(AND(S47<0, Q47<>"full access"), "ARC<0", "") | W47: =IF(AND(S47>0, Q47<>"full access"), "ARC>0", "") | X47: =IF(A48=A47, (R48 - R47)/(B48 - B47), "") | AB47: 99.90314 | AC47: =MIN(ROUND(AB47, 0), 100) -> 100 | AD47: =IF(AND(A47=A48, AC47>99, AC48>99), "full access", "") | AE47: =IF(AND(AC47=0, X47<>"full access"), "ARC=0", "") | AF47: =IF(AND(AC47<0, X47<>"full access"), "ARC<0", "") | AG47: =IF(AND(AC47>0, X47<>"full access"), "ARC>0", "") -> ARC>0 | AH47: =IF(A48=A47, (AB48 - AB47)/(B48 - B47), "") | AI47: 0 | AJ47: 0.096859983 | AK47: 0 | AL47: =IF(AND(MOD(ROW(), 2) = 0, ISNUMBER(X47), ISNUMBER(AH47)), X47 - AH47, "")
A48: Bhutan | B48: 2015 | C48: =VLOOKUP(A48, Regions!A:B, 2, FALSE) -> South Asia | D48: =IF(A49=A48, B49-B48, "") -> 5 | E48: =IF(AND(A48=A49,), AVERAGEIF(A48:A49, A49, B48:B49), "") -> 2017.5 | F48: 727.8850098 | G48: 38.678001 | H48: 96.221423 | I48: =MIN(ROUND(H48, 0), 100) -> 96 | J48: =IF(AND(A48=A49, I48>99, I49>99), "full access", "") | K48: =IF(AND(I48=0, J48<>"full access"), "ARC=0", "") | L48: =IF(AND(I48<0, J48<>"full access"), "ARC<0", "") | M48: =IF(AND(I48>0, J48<>"full access"), "ARC>0", "") -> ARC>0 | N48: =IF(A49=A48, (H49 - H48)/(B49 - B48), "") -> 0.21836001 | O48: 2.4965963 | P48: 0.29618738 | Q48: 0.98579374 | R48: 95.164363 | S48: =MIN(ROUND(R48, 0), 100) -> 95 | T48: =IF(AND(A48=A49, S48>99, S49>99), "full access", "") | U48: =IF(AND(S48=0, Q48<>"full access"), "ARC=0", "") | V48: =IF(AND(S48<0, Q48<>"full access"), "ARC<0", "") | W48: =IF(AND(S48>0, Q48<>"full access"), "ARC>0", "") -> ARC>0 | X48: =IF(A49=A48, (R49 - R48)/(B49 - B48), "") -> 0.31336614 | Y48: 3.2158589 | Z48: 0.1935987 | AA48: 1.4261794 | AB48: 97.897337 | AC48: =MIN(ROUND(AB48, 0), 100) -> 98 | AD48: =IF(AND(A48=A49, AC48>99, AC49>99), "full access", "") | AE48: =IF(AND(AC48=0, X48<>"full access"), "ARC=0", "") | AF48: =IF(AND(AC48<0, X48<>"full access"), "ARC<0", "") | AG48: =IF(AND(AC48>0, X48<>"full access"), "ARC>0", "") -> ARC>0 | AH48: =IF(A49=A48, (AB49 - AB48)/(B49 - B48), "") -> 0.041858342 | AI48: 1.356242 | AJ48: 0.45883649 | AK48: 0.2875847035 | AL48: =IF(AND(MOD(ROW(), 2) = 0, ISNUMBER(X48), ISNUMBER(AH48)), X48 - AH48, "") -> 0.2715078
A49: Bhutan | B49: 2020 | C49: =VLOOKUP(A49, Regions!A:B, 2, FALSE) -> South Asia | D49: =IF(A50=A49, B50-B49, "") | E49: =IF(AND(A49=A50,), AVERAGEIF(A49:A50, A50, B49:B50), "") | F49: 771.6119995 | G49: 42.315998 | H49: 97.313223 | I49: =MIN(ROUND(H49, 0), 100) -> 97 | J49: =IF(AND(A49=A50, I49>99, I50>99), "full access", "") | K49: =IF(AND(I49=0, J49<>"full access"), "ARC=0", "") | L49: =IF(AND(I49<0, J49<>"full access"), "ARC<0", "") | M49: =IF(AND(I49>0, J49<>"full access"), "ARC>0", "") -> ARC>0 | N49: =IF(A50=A49, (H50 - H49)/(B50 - B49), "") | O49: 2.4607126 | P49: 0.17642422 | Q49: 0.049640541 | R49: 96.731194 | S49: =MIN(ROUND(R49, 0), 100) -> 97 | T49: =IF(AND(A49=A50, S49>99, S50>99), "full access", "") | U49: =IF(AND(S49=0, Q49<>"full access"), "ARC=0", "") | V49: =IF(AND(S49<0, Q49<>"full access"), "ARC<0", "") | W49: =IF(AND(S49>0, Q49<>"full access"), "ARC>0", "") -> ARC>0 | X49: =IF(A50=A49, (R50 - R49)/(B50 - B49), "") | Y49: 3.2688064 | Z49: 0 | AA49: 0 | AB49: 98.106628 | AC49: =MIN(ROUND(AB49, 0), 100) -> 98 | AD49: =IF(AND(A49=A50, AC49>99, AC50>99), "full access", "") | AE49: =IF(AND(AC49=0, X49<>"full access"), "ARC=0", "") | AF49: =IF(AND(AC49<0, X49<>"full access"), "ARC<0", "") | AG49: =IF(AND(AC49>0, X49<>"full access"), "ARC>0", "") -> ARC>0 | AH49: =IF(A50=A49, (AB50 - AB49)/(B50 - B49), "") | AI49: 1.3591415 | AJ49: 0.41692085 | AK49: 0.1173091586 | AL49: =IF(AND(MOD(ROW(), 2) = 0, ISNUMBER(X49), ISNUMBER(AH49)), X49 - AH49, "")
A50: Bolivia (Plurinational State of) | B50: 2015 | C50: =VLOOKUP(A50, Regions!A:B, 2, FALSE) -> Latin America & Caribbean | D50: =IF(A51=A50, B51-B50, "") -> 5 | E50: =IF(AND(A50=A51,), AVERAGEIF(A50:A51, A51, B50:B51), "") -> 2017.5 | F50: 10869.73242 | G50: 68.392998 | H50: 90.462141 | I50: =MIN(ROUND(H50, 0), 100) -> 90 | J50: =IF(AND(A50=A51, I50>99, I51>99), "full access", "") | K50: =IF(AND(I50=0, J50<>"full access"), "ARC=0", "") | L50: =IF(AND(I50<0, J50<>"full access"), "ARC<0", "") | M50: =IF(AND(I50>0, J50<>"full access"), "ARC>0", "") -> ARC>0 | N50: =IF(A51=A50, (H51 - H50)/(B51 - B50), "") -> 0.58558612 | O50: 0.1728984 | P50: 2.8324572 | Q50: 6.5325034 | R50: 73.74018 | S50: =MIN(ROUND(R50, 0), 100) -> 74 | T50: =IF(AND(A50=A51, S50>99, S51>99), "full access", "") | U50: =IF(AND(S50=0, Q50<>"full access"), "ARC=0", "") | V50: =IF(AND(S50<0, Q50<>"full access"), "ARC<0", "") | W50: =IF(AND(S50>0, Q50<>"full access"), "ARC>0", "") -> ARC>0 | X50: =IF(A51=A50, (R51 - R50)/(B51 - B50), "") -> 1.2392925 | Y50: 0.33996878 | Z50: 5.9118005 | AA50: 20.00805 | AB50: 98.189997 | AC50: =MIN(ROUND(AB50, 0), 100) -> 98 | AD50: =IF(AND(A50=A51, AC50>99, AC51>99), "full access", "") | AE50: =IF(AND(AC50=0, X50<>"full access"), "ARC=0", "") | AF50: =IF(AND(AC50<0, X50<>"full access"), "ARC<0", "") | AG50: =IF(AND(AC50>0, X50<>"full access"), "ARC>0", "") -> ARC>0 | AH50: =IF(A51=A50, (AB51 - AB50)/(B51 - B50), "") -> 0.18642425 | AI50: 0.095688834 | AJ50: 1.4093725 | AK50: 0.304941615 | AL50: =IF(AND(MOD(ROW(), 2) = 0, ISNUMBER(X50), ISNUMBER(AH50)), X50 - AH50, "") -> 1.0528683
A51: Bolivia (Plurinational State of) | B51: 2020 | C51: =VLOOKUP(A51, Regions!A:B, 2, FALSE) -> Latin America & Caribbean | D51: =IF(A52=A51, B52-B51, "") | E51: =IF(AND(A51=A52,), AVERAGEIF(A51:A52, A52, B51:B52), "") | F51: 11673.0293 | G51: 70.123001 | H51: 93.390072 | I51: =MIN(ROUND(H51, 0), 100) -> 93 | J51: =IF(AND(A51=A52, I51>99, I52>99), "full access", "") | K51: =IF(AND(I51=0, J51<>"full access"), "ARC=0", "") | L51: =IF(AND(I51<0, J51<>"full access"), "ARC<0", "") | M51: =IF(AND(I51>0, J51<>"full access"), "ARC>0", "") -> ARC>0 | N51: =IF(A52=A51, (H52 - H51)/(B52 - B51), "") | O51: 0.13659053 | P51: 1.5750108 | Q51: 4.898327 | R51: 79.936643 | S51: =MIN(ROUND(R51, 0), 100) -> 80 | T51: =IF(AND(A51=A52, S51>99, S52>99), "full access", "") | U51: =IF(AND(S51=0, Q51<>"full access"), "ARC=0", "") | V51: =IF(AND(S51<0, Q51<>"full access"), "ARC<0", "") | W51: =IF(AND(S51>0, Q51<>"full access"), "ARC>0", "") -> ARC>0 | X51: =IF(A52=A51, (R52 - R51)/(B52 - B51), "") | Y51: 0.24473641 | Z51: 3.9541337 | AA51: 15.864487 | AB51: 99.122118 | AC51: =MIN(ROUND(AB51, 0), 100) -> 99 | AD51: =IF(AND(A51=A52, AC51>99, AC52>99), "full access", "") | AE51: =IF(AND(AC51=0, X51<>"full access"), "ARC=0", "") | AF51: =IF(AND(AC51<0, X51<>"full access"), "ARC<0", "") | AG51: =IF(AND(AC51>0, X51<>"full access"), "ARC>0", "") -> ARC>0 | AH51: =IF(A52=A51, (AB52 - AB51)/(B52 - B51), "") | AI51: 0.090513289 | AJ51: 0.56134538 | AK51: 0.2260230112 | AL51: =IF(AND(MOD(ROW(), 2) = 0, ISNUMBER(X51), ISNUMBER(AH51)), X51 - AH51, "")
A52: Bosnia and Herzegovina | B52: 2015 | C52: =VLOOKUP(A52, Regions!A:B, 2, FALSE) -> Europe & Central Asia | D52: =IF(A53=A52, B53-B52, "") -> 5 | E52: =IF(AND(A52=A53,), AVERAGEIF(A52:A53, A53, B52:B53), "") -> 2017.5 | F52: 3429.362061 | G52: 47.172997 | H52: 96.159844 | I52: =MIN(ROUND(H52, 0), 100) -> 96 | J52: =IF(AND(A52=A53, I52>99, I53>99), "full access", "") | K52: =IF(AND(I52=0, J52<>"full access"), "ARC=0", "") | L52: =IF(AND(I52<0, J52<>"full access"), "ARC<0", "") | M52: =IF(AND(I52>0, J52<>"full access"), "ARC>0", "") -> ARC>0 | N52: =IF(A53=A52, (H53 - H52)/(B53 - B52), "") -> -0.009189312 | O52: 3.78007 | P52: 0.060085849 | Q52: 0 | R52: 97.333333 | S52: =MIN(ROUND(R52, 0), 100) -> 97 | T52: =IF(AND(A52=A53, S52>99, S53>99), "full access", "") | U52: =IF(AND(S52=0, Q52<>"full access"), "ARC=0", "") | V52: =IF(AND(S52<0, Q52<>"full access"), "ARC<0", "") | W52: =IF(AND(S52>0, Q52<>"full access"), "ARC>0", "") -> ARC>0 | X52: =IF(A53=A52, (R53 - R52)/(B53 - B52), "") -> 0 | Y52: 2.6666667 | Z52: 0 | AA52: 0 | AB52: 94.845704 | AC52: =MIN(ROUND(AB52, 0), 100) -> 95 | AD52: =IF(AND(A52=A53, AC52>99, AC53>99), "full access", "") | AE52: =IF(AND(AC52=0, X52<>"full access"), "ARC=0", "") | AF52: =IF(AND(AC52<0, X52<>"full access"), "ARC<0", "") | AG52: =IF(AND(AC52>0, X52<>"full access"), "ARC>0", "") -> ARC>0 | AH52: =IF(A53=A52, (AB53 - AB52)/(B53 - B52), "") -> 0 | AI52: 5.0269222 | AJ52: 0.12737339 | AK52: 0 | AL52: =IF(AND(MOD(ROW(), 2) = 0, ISNUMBER(X52), ISNUMBER(AH52)), X52 - AH52, "") -> 0
A53: Bosnia and Herzegovina | B53: 2020 | C53: =VLOOKUP(A53, Regions!A:B, 2, FALSE) -> Europe & Central Asia | D53: =IF(A54=A53, B54-B53, "") | E53: =IF(AND(A53=A54,), AVERAGEIF(A53:A54, A54, B53:B54), "") | F53: 3280.814941 | G53: 49.02 | H53: 96.113898 | I53: =MIN(ROUND(H53, 0), 100) -> 96 | J53: =IF(AND(A53=A54, I53>99, I54>99), "full access", "") | K53: =IF(AND(I53=0, J53<>"full access"), "ARC=0", "") | L53: =IF(AND(I53<0, J53<>"full access"), "ARC<0", "") | M53: =IF(AND(I53>0, J53<>"full access"), "ARC>0", "") -> ARC>0 | N53: =IF(A54=A53, (H54 - H53)/(B54 - B53), "") | O53: 3.8236639 | P53: 0.062438438 | Q53: 0 | R53: 97.333333 | S53: =MIN(ROUND(R53, 0), 100) -> 97 | T53: =IF(AND(A53=A54, S53>99, S54>99), "full access", "") | U53: =IF(AND(S53=0, Q53<>"full access"), "ARC=0", "") | V53: =IF(AND(S53<0, Q53<>"full access"), "ARC<0", "") | W53: =IF(AND(S53>0, Q53<>"full access"), "ARC>0", "") -> ARC>0 | X53: =IF(A54=A53, (R54 - R53)/(B54 - B53), "") | Y53: 2.6666667 | Z53: 0 | AA53: 0 | AB53: 94.845704 | AC53: =MIN(ROUND(AB53, 0), 100) -> 95 | AD53: =IF(AND(A53=A54, AC53>99, AC54>99), "full access", "") | AE53: =IF(AND(AC53=0, X53<>"full access"), "ARC=0", "") | AF53: =IF(AND(AC53<0, X53<>"full access"), "ARC<0", "") | AG53: =IF(AND(AC53>0, X53<>"full access"), "ARC>0", "") -> ARC>0 | AH53: =IF(A54=A53, (AB54 - AB53)/(B54 - B53), "") | AI53: 5.0269222 | AJ53: 0.12737339 | AK53: 0 | AL53: =IF(AND(MOD(ROW(), 2) = 0, ISNUMBER(X53), ISNUMBER(AH53)), X53 - AH53, "")
A54: Botswana | B54: 2015 | C54: =VLOOKUP(A54, Regions!A:B, 2, FALSE) -> Sub-Saharan Africa | D54: =IF(A55=A54, B55-B54, "") -> 5 | E54: =IF(AND(A54=A55,), AVERAGEIF(A54:A55, A55, B54:B55), "") -> 2017.5 | F54: 2120.716064 | G54: 67.154999 | H54: 88.44629 | I54: =MIN(ROUND(H54, 0), 100) -> 88 | J54: =IF(AND(A54=A55, I54>99, I55>99), "full access", "") | K54: =IF(AND(I54=0, J54<>"full access"), "ARC=0", "") | L54: =IF(AND(I54<0, J54<>"full access"), "ARC<0", "") | M54: =IF(AND(I54>0, J54<>"full access"), "ARC>0", "") -> ARC>0 | N54: =IF(A55=A54, (H55 - H54)/(B55 - B54), "") -> 0.75345471 | O54: 8.4106142 | P54: 1.5783496 | Q54: 1.5647467 | R54: 71.892534 | S54: =MIN(ROUND(R54, 0), 100) -> 72 | T54: =IF(AND(A54=A55, S54>99, S55>99), "full access", "") | U54: =IF(AND(S54=0, Q54<>"full access"), "ARC=0", "") | V54: =IF(AND(S54<0, Q54<>"full access"), "ARC<0", "") | W54: =IF(AND(S54>0, Q54<>"full access"), "ARC>0", "") -> ARC>0 | X54: =IF(A55=A54, (R55 - R54)/(B55 - B54), "") -> 1.430238 | Y54: 21.789328 | Z54: 1.8541979 | AA54: 4.4639407 | AB54: 96.542603 | AC54: =MIN(ROUND(AB54, 0), 100) -> 97 | AD54: =IF(AND(A54=A55, AC54>99, AC55>99), "full access", "") | AE54: =IF(AND(AC54=0, X54<>"full access"), "ARC=0", "") | AF54: =IF(AND(AC54<0, X54<>"full access"), "ARC<0", "") | AG54: =IF(AND(AC54>0, X54<>"full access"), "ARC>0", "") -> ARC>0 | AH54: =IF(A55=A54, (AB55 - AB54)/(B55 - B54), "") -> 0.2164756 | AI54: 1.8671862 | AJ54: 1.4434385 | AK54: 0.1467727616 | AL54: =IF(AND(MOD(ROW(), 2) = 0, ISNUMBER(X54), ISNUMBER(AH54)), X54 - AH54, "") -> 1.2137624
A55: Botswana | B55: 2020 | C55: =VLOOKUP(A55, Regions!A:B, 2, FALSE) -> Sub-Saharan Africa | D55: =IF(A56=A55, B56-B55, "") | E55: =IF(AND(A55=A56,), AVERAGEIF(A55:A56, A56, B55:B56), "") | F55: 2351.625 | G55: 70.876999 | H55: 92.213563 | I55: =MIN(ROUND(H55, 0), 100) -> 92 | J55: =IF(AND(A55=A56, I55>99, I56>99), "full access", "") | K55: =IF(AND(I55=0, J55<>"full access"), "ARC=0", "") | L55: =IF(AND(I55<0, J55<>"full access"), "ARC<0", "") | M55: =IF(AND(I55>0, J55<>"full access"), "ARC>0", "") -> ARC>0 | N55: =IF(A56=A55, (H56 - H55)/(B56 - B55), "") | O55: 4.723039 | P55: 1.7325265 | Q55: 1.3308715 | R55: 79.043724 | S55: =MIN(ROUND(R55, 0), 100) -> 79 | T55: =IF(AND(A55=A56, S55>99, S56>99), "full access", "") | U55: =IF(AND(S55=0, Q55<>"full access"), "ARC=0", "") | V55: =IF(AND(S55<0, Q55<>"full access"), "ARC<0", "") | W55: =IF(AND(S55>0, Q55<>"full access"), "ARC>0", "") -> ARC>0 | X55: =IF(A56=A55, (R56 - R55)/(B56 - B55), "") | Y55: 15.154947 | Z55: 1.5961192 | AA55: 4.2052098 | AB55: 97.624981 | AC55: =MIN(ROUND(AB55, 0), 100) -> 98 | AD55: =IF(AND(A55=A56, AC55>99, AC56>99), "full access", "") | AE55: =IF(AND(AC55=0, X55<>"full access"), "ARC=0", "") | AF55: =IF(AND(AC55<0, X55<>"full access"), "ARC<0", "") | AG55: =IF(AND(AC55>0, X55<>"full access"), "ARC>0", "") -> ARC>0 | AH55: =IF(A56=A55, (AB56 - AB55)/(B56 - B55), "") | AI55: 0.43662003 | AJ55: 1.7885792 | AK55: 0.1498202281 | AL55: =IF(AND(MOD(ROW(), 2) = 0, ISNUMBER(X55), ISNUMBER(AH55)), X55 - AH55, "")
A56: Brazil | B56: 2015 | C56: =VLOOKUP(A56, Regions!A:B, 2, FALSE) -> Latin America & Caribbean | D56: =IF(A57=A56, B57-B56, "") -> 5 | E56: =IF(AND(A56=A57,), AVERAGEIF(A56:A57, A57, B56:B57), "") -> 2017.5 | F56: 204471.7656 | G56: 85.770004 | H56: 97.803568 | I56: =MIN(ROUND(H56, 0), 100) -> 98 | J56: =IF(AND(A56=A57, I56>99, I57>99), "full access", "") | K56: =IF(AND(I56=0, J56<>"full access"), "ARC=0", "") | L56: =IF(AND(I56<0, J56<>"full access"), "ARC<0", "") | M56: =IF(AND(I56>0, J56<>"full access"), "ARC>0", "") -> ARC>0 | N56: =IF(A57=A56, (H57 - H56)/(B57 - B56), "") -> 0.30345708 | O56: 0.57950002 | P56: 0.47496571 | Q56: 1.1419667 | R56: 88.756028 | S56: =MIN(ROUND(R56, 0), 100) -> 89 | T56: =IF(AND(A56=A57, S56>99, S57>99), "full access", "") | U56: =IF(AND(S56=0, Q56<>"full access"), "ARC=0", "") | V56: =IF(AND(S56<0, Q56<>"full access"), "ARC<0", "") | W56: =IF(AND(S56>0, Q56<>"full access"), "ARC>0", "") -> ARC>0 | X56: =IF(A57=A56, (R57 - R56)/(B57 - B56), "") -> 1.4378463 | Y56: 2.8537736 | Z56: 0.36513424 | AA56: 8.025064 | AB56: 99.304631 | AC56: =MIN(ROUND(AB56, 0), 100) -> 99 | AD56: =IF(AND(A56=A57, AC56>99, AC57>99), "full access", "") | AE56: =IF(AND(AC56=0, X56<>"full access"), "ARC=0", "") | AF56: =IF(AND(AC56<0, X56<>"full access"), "ARC<0", "") | AG56: =IF(AND(AC56>0, X56<>"full access"), "ARC>0", "") -> ARC>0 | AH56: =IF(A57=A56, (AB57 - AB56)/(B57 - B56), "") -> 0.10347406 | AI56: 0.20217793 | AJ56: 0.49319105 | AK56: 0 | AL56: =IF(AND(MOD(ROW(), 2) = 0, ISNUMBER(X56), ISNUMBER(AH56)), X56 - AH56, "") -> 1.3343722
A57: Brazil | B57: 2020 | C57: =VLOOKUP(A57, Regions!A:B, 2, FALSE) -> Latin America & Caribbean | D57: =IF(A58=A57, B58-B57, "") | E57: =IF(AND(A57=A58,), AVERAGEIF(A57:A58, A58, B57:B58), "") | F57: 212559.4063 | G57: 87.072998 | H57: 99.320853 | I57: =MIN(ROUND(H57, 0), 100) -> 99 | J57: =IF(AND(A57=A58, I57>99, I58>99), "full access", "") | K57: =IF(AND(I57=0, J57<>"full access"), "ARC=0", "") | L57: =IF(AND(I57<0, J57<>"full access"), "ARC<0", "") | M57: =IF(AND(I57>0, J57<>"full access"), "ARC>0", "") -> ARC>0 | N57: =IF(A58=A57, (H58 - H57)/(B58 - B57), "") | O57: 0.126549 | P57: 0.55259801 | R57: 95.94526 | S57: =MIN(ROUND(R57, 0), 100) -> 96 | T57: =IF(AND(A57=A58, S57>99, S58>99), "full access", "") | U57: =IF(AND(S57=0, Q57<>"full access"), "ARC=0", "") | V57: =IF(AND(S57<0, Q57<>"full access"), "ARC<0", "") | W57: =IF(AND(S57>0, Q57<>"full access"), "ARC>0", "") -> ARC>0 | X57: =IF(A58=A57, (R58 - R57)/(B58 - B57), "") | Y57: 0.97895092 | Z57: 3.0757896 | AB57: 99.822001 | AC57: =MIN(ROUND(AB57, 0), 100) -> 100 | AD57: =IF(AND(A57=A58, AC57>99, AC58>99), "full access", "") | AE57: =IF(AND(AC57=0, X57<>"full access"), "ARC=0", "") | AF57: =IF(AND(AC57<0, X57<>"full access"), "ARC<0", "") | AG57: =IF(AND(AC57>0, X57<>"full access"), "ARC>0", "") -> ARC>0 | AH57: =IF(A58=A57, (AB58 - AB57)/(B58 - B57), "") | AI57: 0 | AJ57: 0.17799869 | AK57: 0 | AL57: =IF(AND(MOD(ROW(), 2) = 0, ISNUMBER(X57), ISNUMBER(AH57)), X57 - AH57, "")
A58: British Virgin Islands | B58: 2015 | C58: =VLOOKUP(A58, Regions!A:B, 2, FALSE) -> Latin America & Caribbean | D58: =IF(A59=A58, B59-B58, "") -> 5 | E58: =IF(AND(A58=A59,), AVERAGEIF(A58:A59, A59, B58:B59), "") -> 2017.5 | F58: 29.14800072 | G58: 46.583 | H58: 99.864384 | I58: =MIN(ROUND(H58, 0), 100) -> 100 | J58: =IF(AND(A58=A59, I58>99, I59>99), "full access", "") -> full access | K58: =IF(AND(I58=0, J58<>"full access"), "ARC=0", "") | L58: =IF(AND(I58<0, J58<>"full access"), "ARC<0", "") | M58: =IF(AND(I58>0, J58<>"full access"), "ARC>0", "") | N58: =IF(A59=A58, (H59 - H58)/(B59 - B58), "") -> 0 | O58: 0 | P58: 0.13561644 | Q58: 0 | S58: =MIN(ROUND(R58, 0), 100) -> 0 | T58: =IF(AND(A58=A59, S58>99, S59>99), "full access", "") | U58: =IF(AND(S58=0, Q58<>"full access"), "ARC=0", "") -> ARC=0 | V58: =IF(AND(S58<0, Q58<>"full access"), "ARC<0", "") | W58: =IF(AND(S58>0, Q58<>"full access"), "ARC>0", "") | X58: =IF(A59=A58, (R59 - R58)/(B59 - B58), "") -> 0 | AC58: =MIN(ROUND(AB58, 0), 100) -> 0 | AD58: =IF(AND(A58=A59, AC58>99, AC59>99), "full access", "") | AE58: =IF(AND(AC58=0, X58<>"full access"), "ARC=0", "") -> ARC=0 | AF58: =IF(AND(AC58<0, X58<>"full access"), "ARC<0", "") | AG58: =IF(AND(AC58>0, X58<>"full access"), "ARC>0", "") | AH58: =IF(A59=A58, (AB59 - AB58)/(B59 - B58), "") -> 0 | AL58: =IF(AND(MOD(ROW(), 2) = 0, ISNUMBER(X58), ISNUMBER(AH58)), X58 - AH58, "") -> 0
A59: British Virgin Islands | B59: 2020 | C59: =VLOOKUP(A59, Regions!A:B, 2, FALSE) -> Latin America & Caribbean | D59: =IF(A60=A59, B60-B59, "") | E59: =IF(AND(A59=A60,), AVERAGEIF(A59:A60, A60, B59:B60), "") | F59: 30.23699951 | G59: 48.514999 | H59: 99.864384 | I59: =MIN(ROUND(H59, 0), 100) -> 100 | J59: =IF(AND(A59=A60, I59>99, I60>99), "full access", "") | K59: =IF(AND(I59=0, J59<>"full access"), "ARC=0", "") | L59: =IF(AND(I59<0, J59<>"full access"), "ARC<0", "") | M59: =IF(AND(I59>0, J59<>"full access"), "ARC>0", "") -> ARC>0 | N59: =IF(A60=A59, (H60 - H59)/(B60 - B59), "") | O59: 0 | P59: 0.13561644 | Q59: 0 | S59: =MIN(ROUND(R59, 0), 100) -> 0 | T59: =IF(AND(A59=A60, S59>99, S60>99), "full access", "") | U59: =IF(AND(S59=0, Q59<>"full access"), "ARC=0", "") -> ARC=0 | V59: =IF(AND(S59<0, Q59<>"full access"), "ARC<0", "") | W59: =IF(AND(S59>0, Q59<>"full access"), "ARC>0", "") | X59: =IF(A60=A59, (R60 - R59)/(B60 - B59), "") | AC59: =MIN(ROUND(AB59, 0), 100) -> 0 | AD59: =IF(AND(A59=A60, AC59>99, AC60>99), "full access", "") | AE59: =IF(AND(AC59=0, X59<>"full access"), "ARC=0", "") -> ARC=0 | AF59: =IF(AND(AC59<0, X59<>"full access"), "ARC<0", "") | AG59: =IF(AND(AC59>0, X59<>"full access"), "ARC>0", "") | AH59: =IF(A60=A59, (AB60 - AB59)/(B60 - B59), "") | AL59: =IF(AND(MOD(ROW(), 2) = 0, ISNUMBER(X59), ISNUMBER(AH59)), X59 - AH59, "")
A60: Brunei Darussalam | B60: 2015 | C60: =VLOOKUP(A60, Regions!A:B, 2, FALSE) -> East Asia & Pacific | D60: =IF(A61=A60, B61-B60, "") -> 5 | E60: =IF(AND(A60=A61,), AVERAGEIF(A60:A61, A61, B60:B61), "") -> 2017.5 | F60: 414.9140015 | G60: 76.662994 | H60: 99.509976 | I60: =MIN(ROUND(H60, 0), 100) -> 100 | J60: =IF(AND(A60=A61, I60>99, I61>99), "full access", "") -> full access | K60: =IF(AND(I60=0, J60<>"full access"), "ARC=0", "") | L60: =IF(AND(I60<0, J60<>"full access"), "ARC<0", "") | M60: =IF(AND(I60>0, J60<>"full access"), "ARC>0", "") | N60: =IF(A61=A60, (H61 - H60)/(B61 - B60), "") -> 0.078012128 | O60: 0 | P60: 0.39667583 | Q60: 0.093348003 | R60: 99.05 | S60: =MIN(ROUND(R60, 0), 100) -> 99 | T60: =IF(AND(A60=A61, S60>99, S61>99), "full access", "") | U60: =IF(AND(S60=0, Q60<>"full access"), "ARC=0", "") | V60: =IF(AND(S60<0, Q60<>"full access"), "ARC<0", "") | W60: =IF(AND(S60>0, Q60<>"full access"), "ARC>0", "") -> ARC>0 | X60: =IF(A61=A60, (R61 - R60)/(B61 - B60), "") -> -19.81 | Y60: 0 | Z60: 0.55 | AA60: 0.4 | AB60: 99.65 | AC60: =MIN(ROUND(AB60, 0), 100) -> 100 | AD60: =IF(AND(A60=A61, AC60>99, AC61>99), "full access", "") -> full access | AE60: =IF(AND(AC60=0, X60<>"full access"), "ARC=0", "") | AF60: =IF(AND(AC60<0, X60<>"full access"), "ARC<0", "") | AG60: =IF(AND(AC60>0, X60<>"full access"), "ARC>0", "") -> ARC>0 | AH60: =IF(A61=A60, (AB61 - AB60)/(B61 - B60), "") -> 0 | AI60: 0 | AJ60: 0.35 | AK60: 0 | AL60: =IF(AND(MOD(ROW(), 2) = 0, ISNUMBER(X60), ISNUMBER(AH60)), X60 - AH60, "") -> -19.81
A61: Brunei Darussalam | B61: 2020 | C61: =VLOOKUP(A61, Regions!A:B, 2, FALSE) -> East Asia & Pacific | D61: =IF(A62=A61, B62-B61, "") | E61: =IF(AND(A61=A62,), AVERAGEIF(A61:A62, A62, B61:B62), "") | F61: 437.4830017 | G61: 78.250008 | H61: 99.900037 | I61: =MIN(ROUND(H61, 0), 100) -> 100 | J61: =IF(AND(A61=A62, I61>99, I62>99), "full access", "") | K61: =IF(AND(I61=0, J61<>"full access"), "ARC=0", "") | L61: =IF(AND(I61<0, J61<>"full access"), "ARC<0", "") | M61: =IF(AND(I61>0, J61<>"full access"), "ARC>0", "") -> ARC>0 | N61: =IF(A62=A61, (H62 - H61)/(B62 - B61), "") | O61: 0 | P61: 0.0999632 | Q61: 0 | S61: =MIN(ROUND(R61, 0), 100) -> 0 | T61: =IF(AND(A61=A62, S61>99, S62>99), "full access", "") | U61: =IF(AND(S61=0, Q61<>"full access"), "ARC=0", "") -> ARC=0 | V61: =IF(AND(S61<0, Q61<>"full access"), "ARC<0", "") | W61: =IF(AND(S61>0, Q61<>"full access"), "ARC>0", "") | X61: =IF(A62=A61, (R62 - R61)/(B62 - B61), "") | AB61: 99.65 | AC61: =MIN(ROUND(AB61, 0), 100) -> 100 | AD61: =IF(AND(A61=A62, AC61>99, AC62>99), "full access", "") | AE61: =IF(AND(AC61=0, X61<>"full access"), "ARC=0", "") | AF61: =IF(AND(AC61<0, X61<>"full access"), "ARC<0", "") | AG61: =IF(AND(AC61>0, X61<>"full access"), "ARC>0", "") -> ARC>0 | AH61: =IF(A62=A61, (AB62 - AB61)/(B62 - B61), "") | AI61: 0 | AJ61: 0.35 | AK61: 0 | AL61: =IF(AND(MOD(ROW(), 2) = 0, ISNUMBER(X61), ISNUMBER(AH61)), X61 - AH61, "")
A62: Bulgaria | B62: 2015 | C62: =VLOOKUP(A62, Regions!A:B, 2, FALSE) -> Europe & Central Asia | D62: =IF(A63=A62, B63-B62, "") -> 5 | E62: =IF(AND(A62=A63,), AVERAGEIF(A62:A63, A63, B62:B63), "") -> 2017.5 | F62: 7199.73877 | G62: 73.989998 | H62: 99.196327 | I62: =MIN(ROUND(H62, 0), 100) -> 99 | J62: =IF(AND(A62=A63, I62>99, I63>99), "full access", "") | K62: =IF(AND(I62=0, J62<>"full access"), "ARC=0", "") | L62: =IF(AND(I62<0, J62<>"full access"), "ARC<0", "") | M62: =IF(AND(I62>0, J62<>"full access"), "ARC>0", "") -> ARC>0 | N62: =IF(A63=A62, (H63 - H62)/(B63 - B62), "") -> -0.036982074 | O62: 0 | P62: 0.80367269 | Q62: 0 | R62: 98.01614 | S62: =MIN(ROUND(R62, 0), 100) -> 98 | T62: =IF(AND(A62=A63, S62>99, S63>99), "full access", "") | U62: =IF(AND(S62=0, Q62<>"full access"), "ARC=0", "") | V62: =IF(AND(S62<0, Q62<>"full access"), "ARC<0", "") | W62: =IF(AND(S62>0, Q62<>"full access"), "ARC>0", "") -> ARC>0 | X62: =IF(A63=A62, (R63 - R62)/(B63 - B62), "") -> -0.12297047 | Y62: 0 | Z62: 1.9838597 | AA62: 0 | AB62: 99.611208 | AC62: =MIN(ROUND(AB62, 0), 100) -> 100 | AD62: =IF(AND(A62=A63, AC62>99, AC63>99), "full access", "") -> full access | AE62: =IF(AND(AC62=0, X62<>"full access"), "ARC=0", "") | AF62: =IF(AND(AC62<0, X62<>"full access"), "ARC<0", "") | AG62: =IF(AND(AC62>0, X62<>"full access"), "ARC>0", "") -> ARC>0 | AH62: =IF(A63=A62, (AB63 - AB62)/(B63 - B62), "") -> -0.016507464 | AI62: 0 | AJ62: 0.38879228 | AK62: 0 | AL62: =IF(AND(MOD(ROW(), 2) = 0, ISNUMBER(X62), ISNUMBER(AH62)), X62 - AH62, "") -> -0.10646301
A63: Bulgaria | B63: 2020 | C63: =VLOOKUP(A63, Regions!A:B, 2, FALSE) -> Europe & Central Asia | D63: =IF(A64=A63, B64-B63, "") | E63: =IF(AND(A63=A64,), AVERAGEIF(A63:A64, A64, B63:B64), "") | F63: 6948.444824 | G63: 75.685997 | H63: 99.011417 | I63: =MIN(ROUND(H63, 0), 100) -> 99 | J63: =IF(AND(A63=A64, I63>99, I64>99), "full access", "") | K63: =IF(AND(I63=0, J63<>"full access"), "ARC=0", "") | L63: =IF(AND(I63<0, J63<>"full access"), "ARC<0", "") | M63: =IF(AND(I63>0, J63<>"full access"), "ARC>0", "") -> ARC>0 | N63: =IF(A64=A63, (H64 - H63)/(B64 - B63), "") | O63: 0 | P63: 0.98858306 | Q63: 0 | R63: 97.401288 | S63: =MIN(ROUND(R63, 0), 100) -> 97 | T63: =IF(AND(A63=A64, S63>99, S64>99), "full access", "") | U63: =IF(AND(S63=0, Q63<>"full access"), "ARC=0", "") | V63: =IF(AND(S63<0, Q63<>"full access"), "ARC<0", "") | W63: =IF(AND(S63>0, Q63<>"full access"), "ARC>0", "") -> ARC>0 | X63: =IF(A64=A63, (R64 - R63)/(B64 - B63), "") | Y63: 0 | Z63: 2.598712 | AA63: 0 | AB63: 99.52867 | AC63: =MIN(ROUND(AB63, 0), 100) -> 100 | AD63: =IF(AND(A63=A64, AC63>99, AC64>99), "full access", "") | AE63: =IF(AND(AC63=0, X63<>"full access"), "ARC=0", "") | AF63: =IF(AND(AC63<0, X63<>"full access"), "ARC<0", "") | AG63: =IF(AND(AC63>0, X63<>"full access"), "ARC>0", "") -> ARC>0 | AH63: =IF(A64=A63, (AB64 - AB63)/(B64 - B63), "") | AI63: 0 | AJ63: 0.4713296 | AK63: 0 | AL63: =IF(AND(MOD(ROW(), 2) = 0, ISNUMBER(X63), ISNUMBER(AH63)), X63 - AH63, "")
A64: Burkina Faso | B64: 2015 | C64: =VLOOKUP(A64, Regions!A:B, 2, FALSE) -> Sub-Saharan Africa | D64: =IF(A65=A64, B65-B64, "") -> 5 | E64: =IF(AND(A64=A65,), AVERAGEIF(A64:A65, A65, B64:B65), "") -> 2017.5 | F64: 18110.61523 | G64: 27.530001 | H64: 50.137131 | I64: =MIN(ROUND(H64, 0), 100) -> 50 | J64: =IF(AND(A64=A65, I64>99, I65>99), "full access", "") | K64: =IF(AND(I64=0, J64<>"full access"), "ARC=0", "") | L64: =IF(AND(I64<0, J64<>"full access"), "ARC<0", "") | M64: =IF(AND(I64>0, J64<>"full access"), "ARC>0", "") -> ARC>0 | N64: =IF(A65=A64, (H65 - H64)/(B65 - B64), "") -> -0.58445533 | O64: 25.673541 | P64: 22.430179 | Q64: 1.759149 | R64: 38.855164 | S64: =MIN(ROUND(R64, 0), 100) -> 39 | T64: =IF(AND(A64=A65, S64>99, S65>99), "full access", "") | U64: =IF(AND(S64=0, Q64<>"full access"), "ARC=0", "") | V64: =IF(AND(S64<0, Q64<>"full access"), "ARC<0", "") | W64: =IF(AND(S64>0, Q64<>"full access"), "ARC>0", "") -> ARC>0 | X64: =IF(A65=A64, (R65 - R64)/(B65 - B64), "") -> -1.227381 | Y64: 30.202185 | Z64: 28.648694 | AA64: 2.2939571 | AB64: 79.835792 | AC64: =MIN(ROUND(AB64, 0), 100) -> 80 | AD64: =IF(AND(A64=A65, AC64>99, AC65>99), "full access", "") | AE64: =IF(AND(AC64=0, X64<>"full access"), "ARC=0", "") | AF64: =IF(AND(AC64<0, X64<>"full access"), "ARC<0", "") | AG64: =IF(AND(AC64>0, X64<>"full access"), "ARC>0", "") -> ARC>0 | AH64: =IF(A65=A64, (AB65 - AB64)/(B65 - B64), "") -> 0.049225276 | AI64: 13.752335 | AJ64: 6.0605534 | AK64: 0.3513198178 | AL64: =IF(AND(MOD(ROW(), 2) = 0, ISNUMBER(X64), ISNUMBER(AH64)), X64 - AH64, "") -> -1.2766062
A65: Burkina Faso | B65: 2020 | C65: =VLOOKUP(A65, Regions!A:B, 2, FALSE) -> Sub-Saharan Africa | D65: =IF(A66=A65, B66-B65, "") | E65: =IF(AND(A65=A66,), AVERAGEIF(A65:A66, A66, B65:B66), "") | F65: 20903.27734 | G65: 30.607 | H65: 47.214854 | I65: =MIN(ROUND(H65, 0), 100) -> 47 | J65: =IF(AND(A65=A66, I65>99, I66>99), "full access", "") | K65: =IF(AND(I65=0, J65<>"full access"), "ARC=0", "") | L65: =IF(AND(I65<0, J65<>"full access"), "ARC<0", "") | M65: =IF(AND(I65>0, J65<>"full access"), "ARC>0", "") -> ARC>0 | N65: =IF(A66=A65, (H66 - H65)/(B66 - B65), "") | O65: 31.273003 | P65: 21.158633 | Q65: 0.3535095 | R65: 32.718259 | S65: =MIN(ROUND(R65, 0), 100) -> 33 | T65: =IF(AND(A65=A66, S65>99, S66>99), "full access", "") | U65: =IF(AND(S65=0, Q65<>"full access"), "ARC=0", "") | V65: =IF(AND(S65<0, Q65<>"full access"), "ARC<0", "") | W65: =IF(AND(S65>0, Q65<>"full access"), "ARC>0", "") -> ARC>0 | X65: =IF(A66=A65, (R66 - R65)/(B66 - B65), "") | Y65: 38.626903 | Z65: 28.340446 | AA65: 0.31439286 | AB65: 80.081919 | AC65: =MIN(ROUND(AB65, 0), 100) -> 80 | AD65: =IF(AND(A65=A66, AC65>99, AC66>99), "full access", "") | AE65: =IF(AND(AC65=0, X65<>"full access"), "ARC=0", "") | AF65: =IF(AND(AC65<0, X65<>"full access"), "ARC<0", "") | AG65: =IF(AND(AC65>0, X65<>"full access"), "ARC>0", "") -> ARC>0 | AH65: =IF(A66=A65, (AB66 - AB65)/(B66 - B65), "") | AI65: 14.600049 | AJ65: 4.8758365 | AK65: 0.4421957805 | AL65: =IF(AND(MOD(ROW(), 2) = 0, ISNUMBER(X65), ISNUMBER(AH65)), X65 - AH65, "")
A66: Burundi | B66: 2015 | C66: =VLOOKUP(A66, Regions!A:B, 2, FALSE) -> Sub-Saharan Africa | D66: =IF(A67=A66, B67-B66, "") -> 5 | E66: =IF(AND(A66=A67,), AVERAGEIF(A66:A67, A67, B66:B67), "") -> 2017.5 | F66: 10160.03418 | G66: 12.078 | H66: 59.581469 | I66: =MIN(ROUND(H66, 0), 100) -> 60 | J66: =IF(AND(A66=A67, I66>99, I67>99), "full access", "") | K66: =IF(AND(I66=0, J66<>"full access"), "ARC=0", "") | L66: =IF(AND(I66<0, J66<>"full access"), "ARC<0", "") | M66: =IF(AND(I66>0, J66<>"full access"), "ARC>0", "") -> ARC>0 | N66: =IF(A67=A66, (H67 - H66)/(B67 - B66), "") -> 0.5251306 | O66: 19.538892 | P66: 14.864993 | Q66: 6.0146463 | R66: 55.558267 | S66: =MIN(ROUND(R66, 0), 100) -> 56 | T66: =IF(AND(A66=A67, S66>99, S67>99), "full access", "") | U66: =IF(AND(S66=0, Q66<>"full access"), "ARC=0", "") | V66: =IF(AND(S66<0, Q66<>"full access"), "ARC<0", "") | W66: =IF(AND(S66>0, Q66<>"full access"), "ARC>0", "") -> ARC>0 | X66: =IF(A67=A66, (R67 - R66)/(B67 - B66), "") -> 0.42549967 | Y66: 21.166796 | Z66: 16.594145 | AA66: 6.680793 | AB66: 88.868438 | AC66: =MIN(ROUND(AB66, 0), 100) -> 89 | AD66: =IF(AND(A66=A67, AC66>99, AC67>99), "full access", "") | AE66: =IF(AND(AC66=0, X66<>"full access"), "ARC=0", "") | AF66: =IF(AND(AC66<0, X66<>"full access"), "ARC<0", "") | AG66: =IF(AND(AC66>0, X66<>"full access"), "ARC>0", "") -> ARC>0 | AH66: =IF(A67=A66, (AB67 - AB66)/(B67 - B66), "") -> 0.36013465 | AI66: 7.6885395 | AJ66: 2.2776019 | AK66: 1.165421012 | AL66: =IF(AND(MOD(ROW(), 2) = 0, ISNUMBER(X66), ISNUMBER(AH66)), X66 - AH66, "") -> 0.065365018
A67: Burundi | B67: 2020 | C67: =VLOOKUP(A67, Regions!A:B, 2, FALSE) -> Sub-Saharan Africa | D67: =IF(A68=A67, B68-B67, "") | E67: =IF(AND(A67=A68,), AVERAGEIF(A67:A68, A68, B67:B68), "") | F67: 11890.78125 | G67: 13.708 | H67: 62.207122 | I67: =MIN(ROUND(H67, 0), 100) -> 62 | J67: =IF(AND(A67=A68, I67>99, I68>99), "full access", "") | K67: =IF(AND(I67=0, J67<>"full access"), "ARC=0", "") | L67: =IF(AND(I67<0, J67<>"full access"), "ARC<0", "") | M67: =IF(AND(I67>0, J67<>"full access"), "ARC>0", "") -> ARC>0 | N67: =IF(A68=A67, (H68 - H67)/(B68 - B67), "") | O67: 19.439693 | P67: 14.75826 | Q67: 3.5949249 | R67: 57.685765 | S67: =MIN(ROUND(R67, 0), 100) -> 58 | T67: =IF(AND(A67=A68, S67>99, S68>99), "full access", "") | U67: =IF(AND(S67=0, Q67<>"full access"), "ARC=0", "") | V67: =IF(AND(S67<0, Q67<>"full access"), "ARC<0", "") | W67: =IF(AND(S67>0, Q67<>"full access"), "ARC>0", "") -> ARC>0 | X67: =IF(A68=A67, (R68 - R67)/(B68 - B67), "") | Y67: 21.251482 | Z67: 16.896752 | AA67: 4.1660002 | AB67: 90.669111 | AC67: =MIN(ROUND(AB67, 0), 100) -> 91 | AD67: =IF(AND(A67=A68, AC67>99, AC68>99), "full access", "") | AE67: =IF(AND(AC67=0, X67<>"full access"), "ARC=0", "") | AF67: =IF(AND(AC67<0, X67<>"full access"), "ARC<0", "") | AG67: =IF(AND(AC67>0, X67<>"full access"), "ARC>0", "") -> ARC>0 | AH67: =IF(A68=A67, (AB68 - AB67)/(B68 - B67), "") | AI67: 8.0344629 | AJ67: 1.2964263 | AK67: 0 | AL67: =IF(AND(MOD(ROW(), 2) = 0, ISNUMBER(X67), ISNUMBER(AH67)), X67 - AH67, "")
A68: Cabo Verde | B68: 2015 | C68: =VLOOKUP(A68, Regions!A:B, 2, FALSE) -> Sub-Saharan Africa | D68: =IF(A69=A68, B69-B68, "") -> 5 | E68: =IF(AND(A68=A69,), AVERAGEIF(A68:A69, A69, B68:B69), "") -> 2017.5 | F68: 524.7399902 | G68: 64.299995 | H68: 85.443342 | I68: =MIN(ROUND(H68, 0), 100) -> 85 | J68: =IF(AND(A68=A69, I68>99, I69>99), "full access", "") | K68: =IF(AND(I68=0, J68<>"full access"), "ARC=0", "") | L68: =IF(AND(I68<0, J68<>"full access"), "ARC<0", "") | M68: =IF(AND(I68>0, J68<>"full access"), "ARC>0", "") -> ARC>0 | N68: =IF(A69=A68, (H69 - H68)/(B69 - B68), "") -> 0.66525281 | O68: 10.253078 | P68: 4.1519483 | Q68: 0.15163169 | R68: 72.832314 | S68: =MIN(ROUND(R68, 0), 100) -> 73 | T68: =IF(AND(A68=A69, S68>99, S69>99), "full access", "") | U68: =IF(AND(S68=0, Q68<>"full access"), "ARC=0", "") | V68: =IF(AND(S68<0, Q68<>"full access"), "ARC<0", "") | W68: =IF(AND(S68>0, Q68<>"full access"), "ARC>0", "") -> ARC>0 | X68: =IF(A69=A68, (R69 - R68)/(B69 - B68), "") -> 1.4564423 | Y68: 16.379795 | Z68: 10.436761 | AA68: 0.35113054 | AB68: 92.445115 | AC68: =MIN(ROUND(AB68, 0), 100) -> 92 | AD68: =IF(AND(A68=A69, AC68>99, AC69>99), "full access", "") | AE68: =IF(AND(AC68=0, X68<>"full access"), "ARC=0", "") | AF68: =IF(AND(AC68<0, X68<>"full access"), "ARC<0", "") | AG68: =IF(AND(AC68>0, X68<>"full access"), "ARC>0", "") -> ARC>0 | AH68: =IF(A69=A68, (AB69 - AB68)/(B69 - B68), "") -> 0.1309771 | AI68: 6.8514639 | AJ68: 0.66255363 | AK68: 0.0408679538 | AL68: =IF(AND(MOD(ROW(), 2) = 0, ISNUMBER(X68), ISNUMBER(AH68)), X68 - AH68, "") -> 1.3254652
A69: Cabo Verde | B69: 2020 | C69: =VLOOKUP(A69, Regions!A:B, 2, FALSE) -> Sub-Saharan Africa | D69: =IF(A70=A69, B70-B69, "") | E69: =IF(AND(A69=A70,), AVERAGEIF(A69:A70, A70, B69:B70), "") | F69: 555.9879761 | G69: 66.652 | H69: 88.769606 | I69: =MIN(ROUND(H69, 0), 100) -> 89 | J69: =IF(AND(A69=A70, I69>99, I70>99), "full access", "") | K69: =IF(AND(I69=0, J69<>"full access"), "ARC=0", "") | L69: =IF(AND(I69<0, J69<>"full access"), "ARC<0", "") | M69: =IF(AND(I69>0, J69<>"full access"), "ARC>0", "") -> ARC>0 | N69: =IF(A70=A69, (H70 - H69)/(B70 - B69), "") | O69: 7.9041508 | P69: 3.2091477 | Q69: 0.11709501 | R69: 80.114525 | S69: =MIN(ROUND(R69, 0), 100) -> 80 | T69: =IF(AND(A69=A70, S69>99, S70>99), "full access", "") | U69: =IF(AND(S69=0, Q69<>"full access"), "ARC=0", "") | V69: =IF(AND(S69<0, Q69<>"full access"), "ARC<0", "") | W69: =IF(AND(S69>0, Q69<>"full access"), "ARC>0", "") -> ARC>0 | X69: =IF(A70=A69, (R70 - R69)/(B70 - B69), "") | Y69: 9.911127 | Z69: 9.623217 | AA69: 0.35113054 | AB69: 93.1 | AC69: =MIN(ROUND(AB69, 0), 100) -> 93 | AD69: =IF(AND(A69=A70, AC69>99, AC70>99), "full access", "") | AE69: =IF(AND(AC69=0, X69<>"full access"), "ARC=0", "") | AF69: =IF(AND(AC69<0, X69<>"full access"), "ARC<0", "") | AG69: =IF(AND(AC69>0, X69<>"full access"), "ARC>0", "") -> ARC>0 | AH69: =IF(A70=A69, (AB70 - AB69)/(B70 - B69), "") | AI69: 6.9 | AJ69: 0 | AK69: 0 | AL69: =IF(AND(MOD(ROW(), 2) = 0, ISNUMBER(X69), ISNUMBER(AH69)), X69 - AH69, "")
A70: Cambodia | B70: 2015 | C70: =VLOOKUP(A70, Regions!A:B, 2, FALSE) -> East Asia & Pacific | D70: =IF(A71=A70, B71-B70, "") -> 5 | E70: =IF(AND(A70=A71,), AVERAGEIF(A70:A71, A71, B70:B71), "") -> 2017.5 | F70: 15521.43457 | G70: 22.188 | H70: 68.443849 | I70: =MIN(ROUND(H70, 0), 100) -> 68 | J70: =IF(AND(A70=A71, I70>99, I71>99), "full access", "") | K70: =IF(AND(I70=0, J70<>"full access"), "ARC=0", "") | L70: =IF(AND(I70<0, J70<>"full access"), "ARC<0", "") | M70: =IF(AND(I70>0, J70<>"full access"), "ARC>0", "") -> ARC>0 | N70: =IF(A71=A70, (H71 - H70)/(B71 - B70), "") -> 0.5552072 | O70: 8.6032482 | P70: 9.6029948 | Q70: 13.349908 | R70: 62.711117 | S70: =MIN(ROUND(R70, 0), 100) -> 63 | T70: =IF(AND(A70=A71, S70>99, S71>99), "full access", "") | U70: =IF(AND(S70=0, Q70<>"full access"), "ARC=0", "") | V70: =IF(AND(S70<0, Q70<>"full access"), "ARC<0", "") | W70: =IF(AND(S70>0, Q70<>"full access"), "ARC>0", "") -> ARC>0 | X70: =IF(A71=A70, (R71 - R70)/(B71 - B70), "") -> 0.47120783 | Y70: 9.4320456 | Z70: 11.750896 | AA70: 16.105942 | AB70: 88.548191 | AC70: =MIN(ROUND(AB70, 0), 100) -> 89 | AD70: =IF(AND(A70=A71, AC70>99, AC71>99), "full access", "") | AE70: =IF(AND(AC70=0, X70<>"full access"), "ARC=0", "") | AF70: =IF(AND(AC70<0, X70<>"full access"), "ARC<0", "") | AG70: =IF(AND(AC70>0, X70<>"full access"), "ARC>0", "") -> ARC>0 | AH70: =IF(A71=A70, (AB71 - AB70)/(B71 - B70), "") -> 0.38197715 | AI70: 5.6967035 | AJ70: 2.0704457 | AK70: 3.6846594 | AL70: =IF(AND(MOD(ROW(), 2) = 0, ISNUMBER(X70), ISNUMBER(AH70)), X70 - AH70, "") -> 0.089230684
A71: Cambodia | B71: 2020 | C71: =VLOOKUP(A71, Regions!A:B, 2, FALSE) -> East Asia & Pacific | D71: =IF(A72=A71, B72-B71, "") | E71: =IF(AND(A71=A72,), AVERAGEIF(A71:A72, A72, B71:B72), "") | F71: 16718.9707 | G71: 24.232 | H71: 71.219885 | I71: =MIN(ROUND(H71, 0), 100) -> 71 | J71: =IF(AND(A71=A72, I71>99, I72>99), "full access", "") | K71: =IF(AND(I71=0, J71<>"full access"), "ARC=0", "") | L71: =IF(AND(I71<0, J71<>"full access"), "ARC<0", "") | M71: =IF(AND(I71>0, J71<>"full access"), "ARC>0", "") -> ARC>0 | N71: =IF(A72=A71, (H72 - H71)/(B72 - B71), "") | O71: 13.902222 | P71: 5.6772186 | Q71: 9.2006744 | R71: 65.067156 | S71: =MIN(ROUND(R71, 0), 100) -> 65 | T71: =IF(AND(A71=A72, S71>99, S72>99), "full access", "") | U71: =IF(AND(S71=0, Q71<>"full access"), "ARC=0", "") | V71: =IF(AND(S71<0, Q71<>"full access"), "ARC<0", "") | W71: =IF(AND(S71>0, Q71<>"full access"), "ARC>0", "") -> ARC>0 | X71: =IF(A72=A71, (R72 - R71)/(B72 - B71), "") | Y71: 15.517723 | Z71: 7.4928993 | AA71: 11.922222 | AB71: 90.458077 | AC71: =MIN(ROUND(AB71, 0), 100) -> 90 | AD71: =IF(AND(A71=A72, AC71>99, AC72>99), "full access", "") | AE71: =IF(AND(AC71=0, X71<>"full access"), "ARC=0", "") | AF71: =IF(AND(AC71<0, X71<>"full access"), "ARC<0", "") | AG71: =IF(AND(AC71>0, X71<>"full access"), "ARC>0", "") -> ARC>0 | AH71: =IF(A72=A71, (AB72 - AB71)/(B72 - B71), "") | AI71: 8.8509147 | AJ71: 0 | AK71: 0.6910081144 | AL71: =IF(AND(MOD(ROW(), 2) = 0, ISNUMBER(X71), ISNUMBER(AH71)), X71 - AH71, "")
A72: Cameroon | B72: 2015 | C72: =VLOOKUP(A72, Regions!A:B, 2, FALSE) -> Sub-Saharan Africa | D72: =IF(A73=A72, B73-B72, "") -> 5 | E72: =IF(AND(A72=A73,), AVERAGEIF(A72:A73, A73, B72:B73), "") -> 2017.5 | F72: 23298.37695 | G72: 54.577999 | H72: 63.97399 | I72: =MIN(ROUND(H72, 0), 100) -> 64 | J72: =IF(AND(A72=A73, I72>99, I73>99), "full access", "") | K72: =IF(AND(I72=0, J72<>"full access"), "ARC=0", "") | L72: =IF(AND(I72<0, J72<>"full access"), "ARC<0", "") | M72: =IF(AND(I72>0, J72<>"full access"), "ARC>0", "") -> ARC>0 | N72: =IF(A73=A72, (H73 - H72)/(B73 - B72), "") -> 0.34928561 | O72: 11.238271 | P72: 17.651358 | Q72: 7.136381 | R72: 42.005669 | S72: =MIN(ROUND(R72, 0), 100) -> 42 | T72: =IF(AND(A72=A73, S72>99, S73>99), "full access", "") | U72: =IF(AND(S72=0, Q72<>"full access"), "ARC=0", "") | V72: =IF(AND(S72<0, Q72<>"full access"), "ARC<0", "") | W72: =IF(AND(S72>0, Q72<>"full access"), "ARC>0", "") -> ARC>0 | X72: =IF(A73=A72, (R73 - R72)/(B73 - B72), "") -> 0.30438238 | Y72: 11.073386 | Z72: 32.394045 | AA72: 14.5269 | AB72: 82.256908 | AC72: =MIN(ROUND(AB72, 0), 100) -> 82 | AD72: =IF(AND(A72=A73, AC72>99, AC73>99), "full access", "") | AE72: =IF(AND(AC72=0, X72<>"full access"), "ARC=0", "") | AF72: =IF(AND(AC72<0, X72<>"full access"), "ARC<0", "") | AG72: =IF(AND(AC72>0, X72<>"full access"), "ARC>0", "") -> ARC>0 | AH72: =IF(A73=A72, (AB73 - AB72)/(B73 - B72), "") -> -0.03466461 | AI72: 11.375494 | AJ72: 5.3819035 | AK72: 0.9856948028 | AL72: =IF(AND(MOD(ROW(), 2) = 0, ISNUMBER(X72), ISNUMBER(AH72)), X72 - AH72, "") -> 0.33904699
A73: Cameroon | B73: 2020 | C73: =VLOOKUP(A73, Regions!A:B, 2, FALSE) -> Sub-Saharan Africa | D73: =IF(A74=A73, B74-B73, "") | E73: =IF(AND(A73=A74,), AVERAGEIF(A73:A74, A74, B73:B74), "") | F73: 26545.86328 | G73: 57.560005 | H73: 65.720418 | I73: =MIN(ROUND(H73, 0), 100) -> 66 | J73: =IF(AND(A73=A74, I73>99, I74>99), "full access", "") | K73: =IF(AND(I73=0, J73<>"full access"), "ARC=0", "") | L73: =IF(AND(I73<0, J73<>"full access"), "ARC<0", "") | M73: =IF(AND(I73>0, J73<>"full access"), "ARC>0", "") -> ARC>0 | N73: =IF(A74=A73, (H74 - H73)/(B74 - B73), "") | O73: 12.874749 | P73: 15.001006 | Q73: 6.4038269 | R73: 43.527581 | S73: =MIN(ROUND(R73, 0), 100) -> 44 | T73: =IF(AND(A73=A74, S73>99, S74>99), "full access", "") | U73: =IF(AND(S73=0, Q73<>"full access"), "ARC=0", "") | V73: =IF(AND(S73<0, Q73<>"full access"), "ARC<0", "") | W73: =IF(AND(S73>0, Q73<>"full access"), "ARC>0", "") -> ARC>0 | X73: =IF(A74=A73, (R74 - R73)/(B74 - B73), "") | Y73: 12.672599 | Z73: 30.123806 | AA73: 13.676013 | AB73: 82.083585 | AC73: =MIN(ROUND(AB73, 0), 100) -> 82 | AD73: =IF(AND(A73=A74, AC73>99, AC74>99), "full access", "") | AE73: =IF(AND(AC73=0, X73<>"full access"), "ARC=0", "") | AF73: =IF(AND(AC73<0, X73<>"full access"), "ARC<0", "") | AG73: =IF(AND(AC73>0, X73<>"full access"), "ARC>0", "") -> ARC>0 | AH73: =IF(A74=A73, (AB74 - AB73)/(B74 - B73), "") | AI73: 13.023797 | AJ73: 3.8507014 | AK73: 1.041917019 | AL73: =IF(AND(MOD(ROW(), 2) = 0, ISNUMBER(X73), ISNUMBER(AH73)), X73 - AH73, "")
... A75: Canada | B75: 2020 | C75: =VLOOKUP(A75, Regions!A:B, 2, FALSE) -> North America | D75: =IF(A76=A75, B76-B75, "") | E75: =IF(AND(A75=A76,), AVERAGEIF(A75:A76, A76, B75:B76), "") | F75: 37742.15625 | G75: 81.562004 | H75: 99.221811 | I75: =MIN(ROUND(H75, 0), 100) -> 99 | J75: =IF(AND(A75=A76, I75>99, I76>99), "full access", "") | K75: =IF(AND(I75=0, J75<>"full access"), "ARC=0", "") | L75: =IF(AND(I75<0, J75<>"full access"), "ARC<0", "") | M75: =IF(AND(I75>0, J75<>"full access"), "ARC>0", "") -> ARC>0 | N75: =IF(A76=A75, (H76 - H75)/(B76 - B75), "") | O75: 0 | P75: 0.77818934 | Q75: 0 | R75: 99.060496 | S75: =MIN(ROUND(R75, 0), 100) -> 99 | T75: =IF(AND(A75=A76, S75>99, S76>99), "full access", "") | U75: =IF(AND(S75=0, Q75<>"full access"), "ARC=0", "") | V75: =IF(AND(S75<0, Q75<>"full access"), "ARC<0", "") | W75: =IF(AND(S75>0, Q75<>"full access"), "ARC>0", "") -> ARC>0 | X75: =IF(A76=A75, (R76 - R75)/(B76 - B75), "") | Y75: 0 | Z75: 0.9395041 | AA75: 0 | AB75: 99.258278 | AC75: =MIN(ROUND(AB75, 0), 100) -> 99 | AD75: =IF(AND(A75=A76, AC75>99, AC76>99), "full access", "") | AE75: =IF(AND(AC75=0, X75<>"full access"), "ARC=0", "") | AF75: =IF(AND(AC75<0, X75<>"full access"), "ARC<0", "") | AG75: =IF(AND(AC75>0, X75<>"full access"), "ARC>0", "") -> ARC>0 | AH75: =IF(A76=A75, (AB76 - AB75)/(B76 - B75), "") | AI75: 0 | AJ75: 0.74172234 | AK75: 0 | AL75: =IF(AND(MOD(ROW(), 2) = 0, ISNUMBER(X75), ISNUMBER(AH75)), X75 - AH75, "")
A76: Cayman Islands | B76: 2015 | C76: =VLOOKUP(A76, Regions!A:B, 2, FALSE) -> Latin America & Caribbean | D76: =IF(A77=A76, B77-B76, "") -> 1 | E76: =IF(AND(A76=A77,), AVERAGEIF(A76:A77, A77, B76:B77), "") -> 2015.5 | F76: 61.72100067 | G76: 100 | H76: 96.125 | I76: =MIN(ROUND(H76, 0), 100) -> 96 | J76: =IF(AND(A76=A77, I76>99, I77>99), "full access", "") | K76: =IF(AND(I76=0, J76<>"full access"), "ARC=0", "") | L76: =IF(AND(I76<0, J76<>"full access"), "ARC<0", "") | M76: =IF(AND(I76>0, J76<>"full access"), "ARC>0", "") -> ARC>0 | N76: =IF(A77=A76, (H77 - H76)/(B77 - B76), "") -> 0 | O76: 0 | P76: 3.875 | Q76: 0 | S76: =MIN(ROUND(R76, 0), 100) -> 0 | T76: =IF(AND(A76=A77, S76>99, S77>99), "full access", "") | U76: =IF(AND(S76=0, Q76<>"full access"), "ARC=0", "") -> ARC=0 | V76: =IF(AND(S76<0, Q76<>"full access"), "ARC<0", "") | W76: =IF(AND(S76>0, Q76<>"full access"), "ARC>0", "") | X76: =IF(A77=A76, (R77 - R76)/(B77 - B76), "") -> 0 | AB76: 96.125 | AC76: =MIN(ROUND(AB76, 0), 100) -> 96 | AD76: =IF(AND(A76=A77, AC76>99, AC77>99), "full access", "") | AE76: =IF(AND(AC76=0, X76<>"full access"), "ARC=0", "") | AF76: =IF(AND(AC76<0, X76<>"full access"), "ARC<0", "") | AG76: =IF(AND(AC76>0, X76<>"full access"), "ARC>0", "") -> ARC>0 | AH76: =IF(A77=A76, (AB77 - AB76)/(B77 - B76), "") -> 0 | AI76: 0 | AJ76: 3.875 | AK76: 0 | AL76: =IF(AND(MOD(ROW(), 2) = 0, ISNUMBER(X76), ISNUMBER(AH76)), X76 - AH76, "") -> 0
A77: Cayman Islands | B77: 2016 | C77: =VLOOKUP(A77, Regions!A:B, 2, FALSE) -> Latin America & Caribbean | D77: =IF(A78=A77, B78-B77, "") | E77: =IF(AND(A77=A78,), AVERAGEIF(A77:A78, A78, B77:B78), "") | F77: 62.56399918 | G77: 100 | H77: 96.125 | I77: =MIN(ROUND(H77, 0), 100) -> 96 | J77: =IF(AND(A77=A78, I77>99, I78>99), "full access", "") | K77: =IF(AND(I77=0, J77<>"full access"), "ARC=0", "") | L77: =IF(AND(I77<0, J77<>"full access"), "ARC<0", "") | M77: =IF(AND(I77>0, J77<>"full access"), "ARC>0", "") -> ARC>0 | N77: =IF(A78=A77, (H78 - H77)/(B78 - B77), "") | O77: 0 | P77: 3.875 | Q77: 0 | S77: =MIN(ROUND(R77, 0), 100) -> 0 | T77: =IF(AND(A77=A78, S77>99, S78>99), "full access", "") | U77: =IF(AND(S77=0, Q77<>"full access"), "ARC=0", "") -> ARC=0 | V77: =IF(AND(S77<0, Q77<>"full access"), "ARC<0", "") | W77: =IF(AND(S77>0, Q77<>"full access"), "ARC>0", "") | X77: =IF(A78=A77, (R78 - R77)/(B78 - B77), "") | AB77: 96.125 | AC77: =MIN(ROUND(AB77, 0), 100) -> 96 | AD77: =IF(AND(A77=A78, AC77>99, AC78>99), "full access", "") | AE77: =IF(AND(AC77=0, X77<>"full access"), "ARC=0", "") | AF77: =IF(AND(AC77<0, X77<>"full access"), "ARC<0", "") | AG77: =IF(AND(AC77>0, X77<>"full access"), "ARC>0", "") -> ARC>0 | AH77: =IF(A78=A77, (AB78 - AB77)/(B78 - B77), "") | AI77: 0 | AJ77: 3.875 | AK77: 0 | AL77: =IF(AND(MOD(ROW(), 2) = 0, ISNUMBER(X77), ISNUMBER(AH77)), X77 - AH77, "")
A78: Central African Republic | B78: 2015 | C78: =VLOOKUP(A78, Regions!A:B, 2, FALSE) -> Sub-Saharan Africa | D78: =IF(A79=A78, B79-B78, "") -> 5 | E78: =IF(AND(A78=A79,), AVERAGEIF(A78:A79, A79, B78:B79), "") -> 2017.5 | F78: 4493.170898 | G78: 40.277 | H78: 42.311345 | I78: =MIN(ROUND(H78, 0), 100) -> 42 | J78: =IF(AND(A78=A79, I78>99, I79>99), "full access", "") | K78: =IF(AND(I78=0, J78<>"full access"), "ARC=0", "") | L78: =IF(AND(I78<0, J78<>"full access"), "ARC<0", "") | M78: =IF(AND(I78>0, J78<>"full access"), "ARC>0", "") -> ARC>0 | N78: =IF(A79=A78, (H79 - H78)/(B79 - B78), "") -> -1.0217887 | O78: 21.343997 | P78: 32.010174 | Q78: 4.3344833 | R78: 31.891408 | S78: =MIN(ROUND(R78, 0), 100) -> 32 | T78: =IF(AND(A78=A79, S78>99, S79>99), "full access", "") | U78: =IF(AND(S78=0, Q78<>"full access"), "ARC=0", "") | V78: =IF(AND(S78<0, Q78<>"full access"), "ARC<0", "") | W78: =IF(AND(S78>0, Q78<>"full access"), "ARC>0", "") -> ARC>0 | X78: =IF(A79=A78, (R79 - R78)/(B79 - B78), "") -> -0.75696273 | Y78: 17.357854 | Z78: 43.702609 | AA78: 7.0481294 | AB78: 57.762099 | AC78: =MIN(ROUND(AB78, 0), 100) -> 58 | AD78: =IF(AND(A78=A79, AC78>99, AC79>99), "full access", "") | AE78: =IF(AND(AC78=0, X78<>"full access"), "ARC=0", "") | AF78: =IF(AND(AC78<0, X78<>"full access"), "ARC<0", "") | AG78: =IF(AND(AC78>0, X78<>"full access"), "ARC>0", "") -> ARC>0 | AH78: =IF(A79=A78, (AB79 - AB78)/(B79 - B78), "") -> -1.6200868 | AI78: 27.254678 | AJ78: 14.672551 | AK78: 0.310671709 | AL78: =IF(AND(MOD(ROW(), 2) = 0, ISNUMBER(X78), ISNUMBER(AH78)), X78 - AH78, "") -> 0.86312408
A79: Central African Republic | B79: 2020 | C79: =VLOOKUP(A79, Regions!A:B, 2, FALSE) -> Sub-Saharan Africa | D79: =IF(A80=A79, B80-B79, "") | E79: =IF(AND(A79=A80,), AVERAGEIF(A79:A80, A80, B79:B80), "") | F79: 4829.76416 | G79: 42.197998 | H79: 37.202402 | I79: =MIN(ROUND(H79, 0), 100) -> 37 | J79: =IF(AND(A79=A80, I79>99, I80>99), "full access", "") | K79: =IF(AND(I79=0, J79<>"full access"), "ARC=0", "") | L79: =IF(AND(I79<0, J79<>"full access"), "ARC<0", "") | M79: =IF(AND(I79>0, J79<>"full access"), "ARC>0", "") -> ARC>0 | N79: =IF(A80=A79, (H80 - H79)/(B80 - B79), "") | O79: 25.682373 | P79: 33.539114 | Q79: 3.5761107 | R79: 28.106594 | S79: =MIN(ROUND(R79, 0), 100) -> 28 | T79: =IF(AND(A79=A80, S79>99, S80>99), "full access", "") | U79: =IF(AND(S79=0, Q79<>"full access"), "ARC=0", "") | V79: =IF(AND(S79<0, Q79<>"full access"), "ARC<0", "") | W79: =IF(AND(S79>0, Q79<>"full access"), "ARC>0", "") -> ARC>0 | X79: =IF(A80=A79, (R80 - R79)/(B80 - B79), "") | Y79: 19.40589 | Z79: 46.373073 | AA79: 6.1144429 | AB79: 49.661665 | AC79: =MIN(ROUND(AB79, 0), 100) -> 50 | AD79: =IF(AND(A79=A80, AC79>99, AC80>99), "full access", "") | AE79: =IF(AND(AC79=0, X79<>"full access"), "ARC=0", "") | AF79: =IF(AND(AC79<0, X79<>"full access"), "ARC<0", "") | AG79: =IF(AND(AC79>0, X79<>"full access"), "ARC>0", "") -> ARC>0 | AH79: =IF(A80=A79, (AB80 - AB79)/(B80 - B79), "") | AI79: 34.27978 | AJ79: 15.959402 | AK79: 0.09915281712 | AL79: =IF(AND(MOD(ROW(), 2) = 0, ISNUMBER(X79), ISNUMBER(AH79)), X79 - AH79, "")
A80: Chad | B80: 2015 | C80: =VLOOKUP(A80, Regions!A:B, 2, FALSE) -> Sub-Saharan Africa | D80: =IF(A81=A80, B81-B80, "") -> 5 | E80: =IF(AND(A80=A81,), AVERAGEIF(A80:A81, A81, B80:B81), "") -> 2017.5 | F80: 14110.9707 | G80: 22.515001 | H80: 44.399097 | I80: =MIN(ROUND(H80, 0), 100) -> 44 | J80: =IF(AND(A80=A81, I80>99, I81>99), "full access", "") | K80: =IF(AND(I80=0, J80<>"full access"), "ARC=0", "") | L80: =IF(AND(I80<0, J80<>"full access"), "ARC<0", "") | M80: =IF(AND(I80>0, J80<>"full access"), "ARC>0", "") -> ARC>0 | N80: =IF(A81=A80, (H81 - H80)/(B81 - B80), "") -> 0.35768756 | O80: 13.516383 | P80: 34.70274 | Q80: 7.38178 | R80: 35.578901 | S80: =MIN(ROUND(R80, 0), 100) -> 36 | T80: =IF(AND(A80=A81, S80>99, S81>99), "full access", "") | U80: =IF(AND(S80=0, Q80<>"full access"), "ARC=0", "") | V80: =IF(AND(S80<0, Q80<>"full access"), "ARC<0", "") | W80: =IF(AND(S80>0, Q80<>"full access"), "ARC>0", "") -> ARC>0 | X80: =IF(A81=A80, (R81 - R80)/(B81 - B80), "") -> 0.3992629 | Y80: 13.876414 | Z80: 41.266156 | AA80: 9.2785288 | AB80: 74.753652 | AC80: =MIN(ROUND(AB80, 0), 100) -> 75 | AD80: =IF(AND(A80=A81, AC80>99, AC81>99), "full access", "") | AE80: =IF(AND(AC80=0, X80<>"full access"), "ARC=0", "") | AF80: =IF(AND(AC80<0, X80<>"full access"), "ARC<0", "") | AG80: =IF(AND(AC80>0, X80<>"full access"), "ARC>0", "") -> ARC>0 | AH80: =IF(A81=A80, (AB81 - AB80)/(B81 - B80), "") -> -0.11228574 | AI80: 12.277342 | AJ80: 12.114856 | AK80: 0.8541499715 | AL80: =IF(AND(MOD(ROW(), 2) = 0, ISNUMBER(X80), ISNUMBER(AH80)), X80 - AH80, "") -> 0.51154864
A81: Chad | B81: 2020 | C81: =VLOOKUP(A81, Regions!A:B, 2, FALSE) -> Sub-Saharan Africa | D81: =IF(A82=A81, B82-B81, "") | E81: =IF(AND(A81=A82,), AVERAGEIF(A81:A82, A82, B81:B82), "") | F81: 16425.85938 | G81: 23.52 | H81: 46.187535 | I81: =MIN(ROUND(H81, 0), 100) -> 46 | J81: =IF(AND(A81=A82, I81>99, I82>99), "full access", "") | K81: =IF(AND(I81=0, J81<>"full access"), "ARC=0", "") | L81: =IF(AND(I81<0, J81<>"full access"), "ARC<0", "") | M81: =IF(AND(I81>0, J81<>"full access"), "ARC>0", "") -> ARC>0 | N81: =IF(A82=A81, (H82 - H81)/(B82 - B81), "") | O81: 14.740289 | P81: 31.562457 | Q81: 7.5097188 | R81: 37.575215 | S81: =MIN(ROUND(R81, 0), 100) -> 38 | T81: =IF(AND(A81=A82, S81>99, S82>99), "full access", "") | U81: =IF(AND(S81=0, Q81<>"full access"), "ARC=0", "") | V81: =IF(AND(S81<0, Q81<>"full access"), "ARC<0", "") | W81: =IF(AND(S81>0, Q81<>"full access"), "ARC>0", "") -> ARC>0 | X81: =IF(A82=A81, (R82 - R81)/(B82 - B81), "") | Y81: 14.353961 | Z81: 38.524968 | AA81: 9.545856 | AB81: 74.192223 | AC81: =MIN(ROUND(AB81, 0), 100) -> 74 | AD81: =IF(AND(A81=A82, AC81>99, AC82>99), "full access", "") | AE81: =IF(AND(AC81=0, X81<>"full access"), "ARC=0", "") | AF81: =IF(AND(AC81<0, X81<>"full access"), "ARC<0", "") | AG81: =IF(AND(AC81>0, X81<>"full access"), "ARC>0", "") -> ARC>0 | AH81: =IF(A82=A81, (AB82 - AB81)/(B82 - B81), "") | AI81: 15.996514 | AJ81: 8.9224527 | AK81: 0.8888103843 | AL81: =IF(AND(MOD(ROW(), 2) = 0, ISNUMBER(X81), ISNUMBER(AH81)), X81 - AH81, "")
A82: Channel Islands | B82: 2015 | C82: =VLOOKUP(A82, Regions!A:B, 2, FALSE) -> Europe & Central Asia | D82: =IF(A83=A82, B83-B82, "") -> 2 | E82: =IF(AND(A82=A83,), AVERAGEIF(A82:A83, A83, B82:B83), "") -> 2016 | F82: 165.3869934 | G82: 30.961998 | H82: 94.15 | I82: =MIN(ROUND(H82, 0), 100) -> 94 | J82: =IF(AND(A82=A83, I82>99, I83>99), "full access", "") | K82: =IF(AND(I82=0, J82<>"full access"), "ARC=0", "") | L82: =IF(AND(I82<0, J82<>"full access"), "ARC<0", "") | M82: =IF(AND(I82>0, J82<>"full access"), "ARC>0", "") -> ARC>0 | N82: =IF(A83=A82, (H83 - H82)/(B83 - B82), "") -> 0 | O82: 0 | P82: 5.85 | Q82: 0 | S82: =MIN(ROUND(R82, 0), 100) -> 0 | T82: =IF(AND(A82=A83, S82>99, S83>99), "full access", "") | U82: =IF(AND(S82=0, Q82<>"full access"), "ARC=0", "") -> ARC=0 | V82: =IF(AND(S82<0, Q82<>"full access"), "ARC<0", "") | W82: =IF(AND(S82>0, Q82<>"full access"), "ARC>0", "") | X82: =IF(A83=A82, (R83 - R82)/(B83 - B82), "") -> 0 | AC82: =MIN(ROUND(AB82, 0), 100) -> 0 | AD82: =IF(AND(A82=A83, AC82>99, AC83>99), "full access", "") | AE82: =IF(AND(AC82=0, X82<>"full access"), "ARC=0", "") -> ARC=0 | AF82: =IF(AND(AC82<0, X82<>"full access"), "ARC<0", "") | AG82: =IF(AND(AC82>0, X82<>"full access"), "ARC>0", "") | AH82: =IF(A83=A82, (AB83 - AB82)/(B83 - B82), "") -> 0 | AL82: =IF(AND(MOD(ROW(), 2) = 0, ISNUMBER(X82), ISNUMBER(AH82)), X82 - AH82, "") -> 0
A83: Channel Islands | B83: 2017 | C83: =VLOOKUP(A83, Regions!A:B, 2, FALSE) -> Europe & Central Asia | D83: =IF(A84=A83, B84-B83, "") | E83: =IF(AND(A83=A84,), AVERAGEIF(A83:A84, A84, B83:B84), "") | F83: 168.6660004 | G83: 30.914 | H83: 94.15 | I83: =MIN(ROUND(H83, 0), 100) -> 94 | J83: =IF(AND(A83=A84, I83>99, I84>99), "full access", "") | K83: =IF(AND(I83=0, J83<>"full access"), "ARC=0", "") | L83: =IF(AND(I83<0, J83<>"full access"), "ARC<0", "") | M83: =IF(AND(I83>0, J83<>"full access"), "ARC>0", "") -> ARC>0 | N83: =IF(A84=A83, (H84 - H83)/(B84 - B83), "") | O83: 0 | P83: 5.85 | Q83: 0 | S83: =MIN(ROUND(R83, 0), 100) -> 0 | T83: =IF(AND(A83=A84, S83>99, S84>99), "full access", "") | U83: =IF(AND(S83=0, Q83<>"full access"), "ARC=0", "") -> ARC=0 | V83: =IF(AND(S83<0, Q83<>"full access"), "ARC<0", "") | W83: =IF(AND(S83>0, Q83<>"full access"), "ARC>0", "") | X83: =IF(A84=A83, (R84 - R83)/(B84 - B83), "") | AC83: =MIN(ROUND(AB83, 0), 100) -> 0 | AD83: =IF(AND(A83=A84, AC83>99, AC84>99), "full access", "") | AE83: =IF(AND(AC83=0, X83<>"full access"), "ARC=0", "") -> ARC=0 | AF83: =IF(AND(AC83<0, X83<>"full access"), "ARC<0", "") | AG83: =IF(AND(AC83>0, X83<>"full access"), "ARC>0", "") | AH83: =IF(A84=A83, (AB84 - AB83)/(B84 - B83), "") | AL83: =IF(AND(MOD(ROW(), 2) = 0, ISNUMBER(X83), ISNUMBER(AH83)), X83 - AH83, "")
A84: Chile | B84: 2015 | C84: =VLOOKUP(A84, Regions!A:B, 2, FALSE) -> Latin America & Caribbean | D84: =IF(A85=A84, B85-B84, "") -> 5 | E84: =IF(AND(A84=A85,), AVERAGEIF(A84:A85, A85, B84:B85), "") -> 2017.5 | F84: 17969.35547 | G84: 87.360001 | H84: 99.506493 | I84: =MIN(ROUND(H84, 0), 100) -> 100 | J84: =IF(AND(A84=A85, I84>99, I85>99), "full access", "") -> full access | K84: =IF(AND(I84=0, J84<>"full access"), "ARC=0", "") | L84: =IF(AND(I84<0, J84<>"full access"), "ARC<0", "") | M84: =IF(AND(I84>0, J84<>"full access"), "ARC>0", "") | N84: =IF(A85=A84, (H85 - H84)/(B85 - B84), "") -> 0.0987012 | O84: 0 | P84: 0.49350728 | Q84: 0 | R84: 97.067699 | S84: =MIN(ROUND(R84, 0), 100) -> 97 | T84: =IF(AND(A84=A85, S84>99, S85>99), "full access", "") | U84: =IF(AND(S84=0, Q84<>"full access"), "ARC=0", "") | V84: =IF(AND(S84<0, Q84<>"full access"), "ARC<0", "") | W84: =IF(AND(S84>0, Q84<>"full access"), "ARC>0", "") -> ARC>0 | X84: =IF(A85=A84, (R85 - R84)/(B85 - B84), "") -> 0.5864603 | Y84: 0 | Z84: 2.9323015 | AA84: 0 | AB84: 99.859357 | AC84: =MIN(ROUND(AB84, 0), 100) -> 100 | AD84: =IF(AND(A84=A85, AC84>99, AC85>99), "full access", "") -> full access | AE84: =IF(AND(AC84=0, X84<>"full access"), "ARC=0", "") | AF84: =IF(AND(AC84<0, X84<>"full access"), "ARC<0", "") | AG84: =IF(AND(AC84>0, X84<>"full access"), "ARC>0", "") -> ARC>0 | AH84: =IF(A85=A84, (AB85 - AB84)/(B85 - B84), "") -> 0.028128604 | AI84: 0 | AJ84: 0.14064302 | AK84: 0 | AL84: =IF(AND(MOD(ROW(), 2) = 0, ISNUMBER(X84), ISNUMBER(AH84)), X84 - AH84, "") -> 0.5583317
A85: Chile | B85: 2020 | C85: =VLOOKUP(A85, Regions!A:B, 2, FALSE) -> Latin America & Caribbean | D85: =IF(A86=A85, B86-B85, "") | E85: =IF(AND(A85=A86,), AVERAGEIF(A85:A86, A86, B85:B86), "") | F85: 19116.20898 | G85: 87.726997 | H85: 99.999999 | I85: =MIN(ROUND(H85, 0), 100) -> 100 | J85: =IF(AND(A85=A86, I85>99, I86>99), "full access", "") | K85: =IF(AND(I85=0, J85<>"full access"), "ARC=0", "") | L85: =IF(AND(I85<0, J85<>"full access"), "ARC<0", "") | M85: =IF(AND(I85>0, J85<>"full access"), "ARC>0", "") -> ARC>0 | N85: =IF(A86=A85, (H86 - H85)/(B86 - B85), "") | O85: 0 | P85: 1.2771393e-06 | Q85: 0 | R85: 100 | S85: =MIN(ROUND(R85, 0), 100) -> 100 | T85: =IF(AND(A85=A86, S85>99, S86>99), "full access", "") | U85: =IF(AND(S85=0, Q85<>"full access"), "ARC=0", "") | V85: =IF(AND(S85<0, Q85<>"full access"), "ARC<0", "") | W85: =IF(AND(S85>0, Q85<>"full access"), "ARC>0", "") -> ARC>0 | X85: =IF(A86=A85, (R86 - R85)/(B86 - B85), "") | Y85: 0 | Z85: 0 | AA85: 0 | AB85: 100 | AC85: =MIN(ROUND(AB85, 0), 100) -> 100 | AD85: =IF(AND(A85=A86, AC85>99, AC86>99), "full access", "") | AE85: =IF(AND(AC85=0, X85<>"full access"), "ARC=0", "") | AF85: =IF(AND(AC85<0, X85<>"full access"), "ARC<0", "") | AG85: =IF(AND(AC85>0, X85<>"full access"), "ARC>0", "") -> ARC>0 | AH85: =IF(A86=A85, (AB86 - AB85)/(B86 - B85), "") | AI85: 0 | AJ85: 0 | AK85: 0 | AL85: =IF(AND(MOD(ROW(), 2) = 0, ISNUMBER(X85), ISNUMBER(AH85)), X85 - AH85, "")
A86: China | B86: 2015 | C86: =VLOOKUP(A86, Regions!A:B, 2, FALSE) -> East Asia & Pacific | D86: =IF(A87=A86, B87-B86, "") -> 5 | E86: =IF(AND(A86=A87,), AVERAGEIF(A86:A87, A87, B86:B87), "") -> 2017.5 | F86: 1430405.375 | G86: 55.852707 | H86: 91.762641 | I86: =MIN(ROUND(H86, 0), 100) -> 92 | J86: =IF(AND(A86=A87, I86>99, I87>99), "full access", "") | K86: =IF(AND(I86=0, J86<>"full access"), "ARC=0", "") | L86: =IF(AND(I86<0, J86<>"full access"), "ARC<0", "") | M86: =IF(AND(I86>0, J86<>"full access"), "ARC>0", "") -> ARC>0 | N86: =IF(A87=A86, (H87 - H86)/(B87 - B86), "") -> 0.49969387 | O86: 0.81876266 | P86: 6.7820774 | Q86: 0.6365187 | R86: 84.479188 | S86: =MIN(ROUND(R86, 0), 100) -> 84 | T86: =IF(AND(A86=A87, S86>99, S87>99), "full access", "") | U86: =IF(AND(S86=0, Q86<>"full access"), "ARC=0", "") | V86: =IF(AND(S86<0, Q86<>"full access"), "ARC<0", "") | W86: =IF(AND(S86>0, Q86<>"full access"), "ARC>0", "") -> ARC>0 | X86: =IF(A87=A86, (R87 - R86)/(B87 - B86), "") -> 1.0364091 | Y86: 1.5118631 | Z86: 12.952949 | AA86: 1.056 | AB86: 97.519654 | AC86: =MIN(ROUND(AB86, 0), 100) -> 98 | AD86: =IF(AND(A86=A87, AC86>99, AC87>99), "full access", "") | AE86: =IF(AND(AC86=0, X86<>"full access"), "ARC=0", "") | AF86: =IF(AND(AC86<0, X86<>"full access"), "ARC<0", "") | AG86: =IF(AND(AC86>0, X86<>"full access"), "ARC>0", "") -> ARC>0 | AH86: =IF(A87=A86, (AB87 - AB86)/(B87 - B86), "") -> -0.08095426 | AI86: 0.2709198 | AJ86: 1.9044754 | AK86: 0.3049508197 | AL86: =IF(AND(MOD(ROW(), 2) = 0, ISNUMBER(X86), ISNUMBER(AH86)), X86 - AH86, "") -> 1.1173634
A87: China | B87: 2020 | C87: =VLOOKUP(A87, Regions!A:B, 2, FALSE) -> East Asia & Pacific | D87: =IF(A88=A87, B88-B87, "") | E87: =IF(AND(A87=A88,), AVERAGEIF(A87:A88, A88, B87:B88), "") | F87: 1463140.5 | G87: 61.713089 | H87: 94.261111 | I87: =MIN(ROUND(H87, 0), 100) -> 94 | J87: =IF(AND(A87=A88, I87>99, I88>99), "full access", "") | K87: =IF(AND(I87=0, J87<>"full access"), "ARC=0", "") | L87: =IF(AND(I87<0, J87<>"full access"), "ARC<0", "") | M87: =IF(AND(I87>0, J87<>"full access"), "ARC>0", "") -> ARC>0 | N87: =IF(A88=A87, (H88 - H87)/(B88 - B87), "") | O87: 0.81472133 | P87: 4.7254519 | Q87: 0.19871614 | R87: 89.661234 | S87: =MIN(ROUND(R87, 0), 100) -> 90 | T87: =IF(AND(A87=A88, S87>99, S88>99), "full access", "") | U87: =IF(AND(S87=0, Q87<>"full access"), "ARC=0", "") | V87: =IF(AND(S87<0, Q87<>"full access"), "ARC<0", "") | W87: =IF(AND(S87>0, Q87<>"full access"), "ARC>0", "") -> ARC>0 | X87: =IF(A88=A87, (R88 - R87)/(B88 - B87), "") | Y87: 1.8326791 | Z87: 8.5060874 | AA87: 0 | AB87: 97.114883 | AC87: =MIN(ROUND(AB87, 0), 100) -> 97 | AD87: =IF(AND(A87=A88, AC87>99, AC88>99), "full access", "") | AE87: =IF(AND(AC87=0, X87<>"full access"), "ARC=0", "") | AF87: =IF(AND(AC87<0, X87<>"full access"), "ARC<0", "") | AG87: =IF(AND(AC87>0, X87<>"full access"), "ARC>0", "") -> ARC>0 | AH87: =IF(A88=A87, (AB88 - AB87)/(B88 - B87), "") | AI87: 0.18317849 | AJ87: 2.3799388 | AK87: 0.322 | AL87: =IF(AND(MOD(ROW(), 2) = 0, ISNUMBER(X87), ISNUMBER(AH87)), X87 - AH87, "")
A88: China, Hong Kong SAR | B88: 2015 | C88: =VLOOKUP(A88, Regions!A:B, 2, FALSE) -> East Asia & Pacific | D88: =IF(A89=A88, B89-B88, "") -> 5 | E88: =IF(AND(A88=A89,), AVERAGEIF(A88:A89, A89, B88:B89), "") -> 2017.5 | F88: 7185.992188 | G88: 100 | H88: 100 | I88: =MIN(ROUND(H88, 0), 100) -> 100 | J88: =IF(AND(A88=A89, I88>99, I89>99), "full access", "") -> full access | K88: =IF(AND(I88=0, J88<>"full access"), "ARC=0", "") | L88: =IF(AND(I88<0, J88<>"full access"), "ARC<0", "") | M88: =IF(AND(I88>0, J88<>"full access"), "ARC>0", "") | N88: =IF(A89=A88, (H89 - H88)/(B89 - B88), "") -> 0 | O88: 0 | P88: 0 | Q88: 0 | S88: =MIN(ROUND(R88, 0), 100) -> 0 | T88: =IF(AND(A88=A89, S88>99, S89>99), "full access", "") | U88: =IF(AND(S88=0, Q88<>"full access"), "ARC=0", "") -> ARC=0 | V88: =IF(AND(S88<0, Q88<>"full access"), "ARC<0", "") | W88: =IF(AND(S88>0, Q88<>"full access"), "ARC>0", "") | X88: =IF(A89=A88, (R89 - R88)/(B89 - B88), "") -> 0 | AB88: 100 | AC88: =MIN(ROUND(AB88, 0), 100) -> 100 | AD88: =IF(AND(A88=A89, AC88>99, AC89>99), "full access", "") -> full access | AE88: =IF(AND(AC88=0, X88<>"full access"), "ARC=0", "") | AF88: =IF(AND(AC88<0, X88<>"full access"), "ARC<0", "") | AG88: =IF(AND(AC88>0, X88<>"full access"), "ARC>0", "") -> ARC>0 | AH88: =IF(A89=A88, (AB89 - AB88)/(B89 - B88), "") -> 0 | AI88: 0 | AJ88: 0 | AK88: 0 | AL88: =IF(AND(MOD(ROW(), 2) = 0, ISNUMBER(X88), ISNUMBER(AH88)), X88 - AH88, "") -> 0
A89: China, Hong Kong SAR | B89: 2020 | C89: =VLOOKUP(A89, Regions!A:B, 2, FALSE) -> East Asia & Pacific | D89: =IF(A90=A89, B90-B89, "") | E89: =IF(AND(A89=A90,), AVERAGEIF(A89:A90, A90, B89:B90), "") | F89: 7496.987793 | G89: 100 | H89: 100 | I89: =MIN(ROUND(H89, 0), 100) -> 100 | J89: =IF(AND(A89=A90, I89>99, I90>99), "full access", "") | K89: =IF(AND(I89=0, J89<>"full access"), "ARC=0", "") | L89: =IF(AND(I89<0, J89<>"full access"), "ARC<0", "") | M89: =IF(AND(I89>0, J89<>"full access"), "ARC>0", "") -> ARC>0 | N89: =IF(A90=A89, (H90 - H89)/(B90 - B89), "") | O89: 0 | P89: 0 | Q89: 0 | S89: =MIN(ROUND(R89, 0), 100) -> 0 | T89: =IF(AND(A89=A90, S89>99, S90>99), "full access", "") | U89: =IF(AND(S89=0, Q89<>"full access"), "ARC=0", "") -> ARC=0 | V89: =IF(AND(S89<0, Q89<>"full access"), "ARC<0", "") | W89: =IF(AND(S89>0, Q89<>"full access"), "ARC>0", "") | X89: =IF(A90=A89, (R90 - R89)/(B90 - B89), "") | AB89: 100 | AC89: =MIN(ROUND(AB89, 0), 100) -> 100 | AD89: =IF(AND(A89=A90, AC89>99, AC90>99), "full access", "") | AE89: =IF(AND(AC89=0, X89<>"full access"), "ARC=0", "") | AF89: =IF(AND(AC89<0, X89<>"full access"), "ARC<0", "") | AG89: =IF(AND(AC89>0, X89<>"full access"), "ARC>0", "") -> ARC>0 | AH89: =IF(A90=A89, (AB90 - AB89)/(B90 - B89), "") | AI89: 0 | AJ89: 0 | AK89: 0 | AL89: =IF(AND(MOD(ROW(), 2) = 0, ISNUMBER(X89), ISNUMBER(AH89)), X89 - AH89, "")
A90: China, Macao SAR | B90: 2015 | C90: =VLOOKUP(A90, Regions!A:B, 2, FALSE) -> East Asia & Pacific | D90: =IF(A91=A90, B91-B90, "") -> 5 | E90: =IF(AND(A90=A91,), AVERAGEIF(A90:A91, A91, B90:B91), "") -> 2017.5 | F90: 602.0930176 | G90: 100 | H90: 100 | I90: =MIN(ROUND(H90, 0), 100) -> 100 | J90: =IF(AND(A90=A91, I90>99, I91>99), "full access", "") -> full access | K90: =IF(AND(I90=0, J90<>"full access"), "ARC=0", "") | L90: =IF(AND(I90<0, J90<>"full access"), "ARC<0", "") | M90: =IF(AND(I90>0, J90<>"full access"), "ARC>0", "") | N90: =IF(A91=A90, (H91 - H90)/(B91 - B90), "") -> 0 | O90: 0 | P90: 0 | Q90: 0 | S90: =MIN(ROUND(R90, 0), 100) -> 0 | T90: =IF(AND(A90=A91, S90>99, S91>99), "full access", "") | U90: =IF(AND(S90=0, Q90<>"full access"), "ARC=0", "") -> ARC=0 | V90: =IF(AND(S90<0, Q90<>"full access"), "ARC<0", "") | W90: =IF(AND(S90>0, Q90<>"full access"), "ARC>0", "") | X90: =IF(A91=A90, (R91 - R90)/(B91 - B90), "") -> 0 | AB90: 100 | AC90: =MIN(ROUND(AB90, 0), 100) -> 100 | AD90: =IF(AND(A90=A91, AC90>99, AC91>99), "full access", "") -> full access | AE90: =IF(AND(AC90=0, X90<>"full access"), "ARC=0", "") | AF90: =IF(AND(AC90<0, X90<>"full access"), "ARC<0", "") | AG90: =IF(AND(AC90>0, X90<>"full access"), "ARC>0", "") -> ARC>0 | AH90: =IF(A91=A90, (AB91 - AB90)/(B91 - B90), "") -> 0 | AI90: 0 | AJ90: 0 | AK90: 0 | AL90: =IF(AND(MOD(ROW(), 2) = 0, ISNUMBER(X90), ISNUMBER(AH90)), X90 - AH90, "") -> 0
A91: China, Macao SAR | B91: 2020 | C91: =VLOOKUP(A91, Regions!A:B, 2, FALSE) -> East Asia & Pacific | D91: =IF(A92=A91, B92-B91, "") | E91: =IF(AND(A91=A92,), AVERAGEIF(A91:A92, A92, B91:B92), "") | F91: 649.34198 | G91: 100 | H91: 100 | I91: =MIN(ROUND(H91, 0), 100) -> 100 | J91: =IF(AND(A91=A92, I91>99, I92>99), "full access", "") | K91: =IF(AND(I91=0, J91<>"full access"), "ARC=0", "") | L91: =IF(AND(I91<0, J91<>"full access"), "ARC<0", "") | M91: =IF(AND(I91>0, J91<>"full access"), "ARC>0", "") -> ARC>0 | N91: =IF(A92=A91, (H92 - H91)/(B92 - B91), "") | O91: 0 | P91: 0 | Q91: 0 | S91: =MIN(ROUND(R91, 0), 100) -> 0 | T91: =IF(AND(A91=A92, S91>99, S92>99), "full access", "") | U91: =IF(AND(S91=0, Q91<>"full access"), "ARC=0", "") -> ARC=0 | V91: =IF(AND(S91<0, Q91<>"full access"), "ARC<0", "") | W91: =IF(AND(S91>0, Q91<>"full access"), "ARC>0", "") | X91: =IF(A92=A91, (R92 - R91)/(B92 - B91), "") | AB91: 100 | AC91: =MIN(ROUND(AB91, 0), 100) -> 100 | AD91: =IF(AND(A91=A92, AC91>99, AC92>99), "full access", "") | AE91: =IF(AND(AC91=0, X91<>"full access"), "ARC=0", "") | AF91: =IF(AND(AC91<0, X91<>"full access"), "ARC<0", "") | AG91: =IF(AND(AC91>0, X91<>"full access"), "ARC>0", "") -> ARC>0 | AH91: =IF(A92=A91, (AB92 - AB91)/(B92 - B91), "") | AI91: 0 | AJ91: 0 | AK91: 0 | AL91: =IF(AND(MOD(ROW(), 2) = 0, ISNUMBER(X91), ISNUMBER(AH91)), X91 - AH91, "")
A92: Colombia | B92: 2015 | C92: =VLOOKUP(A92, Regions!A:B, 2, FALSE) -> Latin America & Caribbean | D92: =IF(A93=A92, B93-B92, "") -> 5 | E92: =IF(AND(A92=A93,), AVERAGEIF(A92:A93, A93, B92:B93), "") -> 2017.5 | F92: 47520.66797 | G92: 79.764 | H92: 96.335868 | I92: =MIN(ROUND(H92, 0), 100) -> 96 | J92: =IF(AND(A92=A93, I92>99, I93>99), "full access", "") | K92: =IF(AND(I92=0, J92<>"full access"), "ARC=0", "") | L92: =IF(AND(I92<0, J92<>"full access"), "ARC<0", "") | M92: =IF(AND(I92>0, J92<>"full access"), "ARC>0", "") -> ARC>0 | N92: =IF(A93=A92, (H93 - H92)/(B93 - B92), "") -> 0.2311578 | O92: 0.18405199 | P92: 1.7034451 | Q92: 1.7766348 | R92: 83.273726 | S92: =MIN(ROUND(R92, 0), 100) -> 83 | T92: =IF(AND(A92=A93, S92>99, S93>99), "full access", "") | U92: =IF(AND(S92=0, Q92<>"full access"), "ARC=0", "") | V92: =IF(AND(S92<0, Q92<>"full access"), "ARC<0", "") | W92: =IF(AND(S92>0, Q92<>"full access"), "ARC>0", "") -> ARC>0 | X92: =IF(A93=A92, (R93 - R92)/(B93 - B92), "") -> 0.69866939 | Y92: 0.68766563 | Z92: 7.2590324 | AA92: 8.7795762 | AB92: 99.649712 | AC92: =MIN(ROUND(AB92, 0), 100) -> 100 | AD92: =IF(AND(A92=A93, AC92>99, AC93>99), "full access", "") -> full access | AE92: =IF(AND(AC92=0, X92<>"full access"), "ARC=0", "") | AF92: =IF(AND(AC92<0, X92<>"full access"), "ARC<0", "") | AG92: =IF(AND(AC92>0, X92<>"full access"), "ARC>0", "") -> ARC>0 | AH92: =IF(A93=A92, (AB93 - AB92)/(B93 - B92), "") -> 0.057696086 | AI92: 0.05628603 | AJ92: 0.2940016 | AK92: 0 | AL92: =IF(AND(MOD(ROW(), 2) = 0, ISNUMBER(X92), ISNUMBER(AH92)), X92 - AH92, "") -> 0.64097331
A93: Colombia | B93: 2020 | C93: =VLOOKUP(A93, Regions!A:B, 2, FALSE) -> Latin America & Caribbean | D93: =IF(A94=A93, B94-B93, "") | E93: =IF(AND(A93=A94,), AVERAGEIF(A93:A94, A94, B93:B94), "") | F93: 50882.88281 | G93: 81.424995 | H93: 97.491657 | I93: =MIN(ROUND(H93, 0), 100) -> 97 | J93: =IF(AND(A93=A94, I93>99, I94>99), "full access", "") | K93: =IF(AND(I93=0, J93<>"full access"), "ARC=0", "") | L93: =IF(AND(I93<0, J93<>"full access"), "ARC<0", "") | M93: =IF(AND(I93>0, J93<>"full access"), "ARC>0", "") -> ARC>0 | N93: =IF(A94=A93, (H94 - H93)/(B94 - B93), "") | O93: 0.18615216 | P93: 0.95361622 | Q93: 1.3685745 | R93: 86.767073 | S93: =MIN(ROUND(R93, 0), 100) -> 87 | T93: =IF(AND(A93=A94, S93>99, S94>99), "full access", "") | U93: =IF(AND(S93=0, Q93<>"full access"), "ARC=0", "") | V93: =IF(AND(S93<0, Q93<>"full access"), "ARC<0", "") | W93: =IF(AND(S93>0, Q93<>"full access"), "ARC>0", "") -> ARC>0 | X93: =IF(A94=A93, (R94 - R93)/(B94 - B93), "") | Y93: 0.7312282 | Z93: 5.133869 | AA93: 7.36783 | AB93: 99.938193 | AC93: =MIN(ROUND(AB93, 0), 100) -> 100 | AD93: =IF(AND(A93=A94, AC93>99, AC94>99), "full access", "") | AE93: =IF(AND(AC93=0, X93<>"full access"), "ARC=0", "") | AF93: =IF(AND(AC93<0, X93<>"full access"), "ARC<0", "") | AG93: =IF(AND(AC93>0, X93<>"full access"), "ARC>0", "") -> ARC>0 | AH93: =IF(A94=A93, (AB94 - AB93)/(B94 - B93), "") | AI93: 0.0618072 | AJ93: 0 | AK93: 0 | AL93: =IF(AND(MOD(ROW(), 2) = 0, ISNUMBER(X93), ISNUMBER(AH93)), X93 - AH93, "")
A94: Comoros | B94: 2015 | C94: =VLOOKUP(A94, Regions!A:B, 2, FALSE) -> Sub-Saharan Africa | D94: =IF(A95=A94, B95-B94, "") -> 4 | E94: =IF(AND(A94=A95,), AVERAGEIF(A94:A95, A95, B94:B95), "") -> 2017 | F94: 777.4349976 | G94: 28.470001 | H94: 80.132 | I94: =MIN(ROUND(H94, 0), 100) -> 80 | J94: =IF(AND(A94=A95, I94>99, I95>99), "full access", "") | K94: =IF(AND(I94=0, J94<>"full access"), "ARC=0", "") | L94: =IF(AND(I94<0, J94<>"full access"), "ARC<0", "") | M94: =IF(AND(I94>0, J94<>"full access"), "ARC>0", "") -> ARC>0 | N94: =IF(A95=A94, (H95 - H94)/(B95 - B94), "") -> 0.019624433 | O94: 10.877265 | P94: 8.3951934 | Q94: 0.59554149 | R94: 76.911723 | S94: =MIN(ROUND(R94, 0), 100) -> 77 | T94: =IF(AND(A94=A95, S94>99, S95>99), "full access", "") | U94: =IF(AND(S94=0, Q94<>"full access"), "ARC=0", "") | V94: =IF(AND(S94<0, Q94<>"full access"), "ARC<0", "") | W94: =IF(AND(S94>0, Q94<>"full access"), "ARC>0", "") -> ARC>0 | X94: =IF(A95=A94, (R95 - R94)/(B95 - B94), "") -> 0 | Y94: 11.568647 | Z94: 10.822454 | AA94: 0.69717486 | AB94: 88.222846 | AC94: =MIN(ROUND(AB94, 0), 100) -> 88 | AD94: =IF(AND(A94=A95, AC94>99, AC95>99), "full access", "") | AE94: =IF(AND(AC94=0, X94<>"full access"), "ARC=0", "") | AF94: =IF(AND(AC94<0, X94<>"full access"), "ARC<0", "") | AG94: =IF(AND(AC94>0, X94<>"full access"), "ARC>0", "") -> ARC>0 | AH94: =IF(A95=A94, (AB95 - AB94)/(B95 - B94), "") -> 0 | AI94: 9.1401885 | AJ94: 2.2967751 | AK94: 0.340190797 | AL94: =IF(AND(MOD(ROW(), 2) = 0, ISNUMBER(X94), ISNUMBER(AH94)), X94 - AH94, "") -> 0
A95: Comoros | B95: 2019 | C95: =VLOOKUP(A95, Regions!A:B, 2, FALSE) -> Sub-Saharan Africa | D95: =IF(A96=A95, B96-B95, "") | E95: =IF(AND(A95=A96,), AVERAGEIF(A95:A96, A96, B95:B96), "") | F95: 850.8909912 | G95: 29.164001 | H95: 80.210498 | I95: =MIN(ROUND(H95, 0), 100) -> 80 | J95: =IF(AND(A95=A96, I95>99, I96>99), "full access", "") | K95: =IF(AND(I95=0, J95<>"full access"), "ARC=0", "") | L95: =IF(AND(I95<0, J95<>"full access"), "ARC<0", "") | M95: =IF(AND(I95>0, J95<>"full access"), "ARC>0", "") -> ARC>0 | N95: =IF(A96=A95, (H96 - H95)/(B96 - B95), "") | O95: 10.860411 | P95: 8.9290909 | R95: 76.911723 | S95: =MIN(ROUND(R95, 0), 100) -> 77 | T95: =IF(AND(A95=A96, S95>99, S96>99), "full access", "") | U95: =IF(AND(S95=0, Q95<>"full access"), "ARC=0", "") | V95: =IF(AND(S95<0, Q95<>"full access"), "ARC<0", "") | W95: =IF(AND(S95>0, Q95<>"full access"), "ARC>0", "") -> ARC>0 | X95: =IF(A96=A95, (R96 - R95)/(B96 - B95), "") | Y95: 11.568647 | Z95: 11.519629 | AB95: 88.222846 | AC95: =MIN(ROUND(AB95, 0), 100) -> 88 | AD95: =IF(AND(A95=A96, AC95>99, AC96>99), "full access", "") | AE95: =IF(AND(AC95=0, X95<>"full access"), "ARC=0", "") | AF95: =IF(AND(AC95<0, X95<>"full access"), "ARC<0", "") | AG95: =IF(AND(AC95>0, X95<>"full access"), "ARC>0", "") -> ARC>0 | AH95: =IF(A96=A95, (AB96 - AB95)/(B96 - B95), "") | AI95: 9.1401885 | AJ95: 2.2967751 | AK95: 0.340190797 | AL95: =IF(AND(MOD(ROW(), 2) = 0, ISNUMBER(X95), ISNUMBER(AH95)), X95 - AH95, "")
A96: Congo | B96: 2015 | C96: =VLOOKUP(A96, Regions!A:B, 2, FALSE) -> Sub-Saharan Africa | D96: =IF(A97=A96, B97-B96, "") -> 5 | E96: =IF(AND(A96=A97,), AVERAGEIF(A96:A97, A97, B96:B97), "") -> 2017.5 | F96: 4856.092773 | G96: 65.542999 | H96: 71.149582 | I96: =MIN(ROUND(H96, 0), 100) -> 71 | J96: =IF(AND(A96=A97, I96>99, I97>99), "full access", "") | K96: =IF(AND(I96=0, J96<>"full access"), "ARC=0", "") | L96: =IF(AND(I96<0, J96<>"full access"), "ARC<0", "") | M96: =IF(AND(I96>0, J96<>"full access"), "ARC>0", "") -> ARC>0 | N96: =IF(A97=A96, (H97 - H96)/(B97 - B96), "") -> 0.52698596 | O96: 10.510526 | P96: 11.662046 | Q96: 6.6778459 | R96: 41.391836 | S96: =MIN(ROUND(R96, 0), 100) -> 41 | T96: =IF(AND(A96=A97, S96>99, S97>99), "full access", "") | U96: =IF(AND(S96=0, Q96<>"full access"), "ARC=0", "") | V96: =IF(AND(S96<0, Q96<>"full access"), "ARC<0", "") | W96: =IF(AND(S96>0, Q96<>"full access"), "ARC>0", "") -> ARC>0 | X96: =IF(A97=A96, (R97 - R96)/(B97 - B96), "") -> 0.86651545 | Y96: 10.739573 | Z96: 28.501849 | AA96: 19.366743 | AB96: 86.793705 | AC96: =MIN(ROUND(AB96, 0), 100) -> 87 | AD96: =IF(AND(A96=A97, AC96>99, AC97>99), "full access", "") | AE96: =IF(AND(AC96=0, X96<>"full access"), "ARC=0", "") | AF96: =IF(AND(AC96<0, X96<>"full access"), "ARC<0", "") | AG96: =IF(AND(AC96>0, X96<>"full access"), "ARC>0", "") -> ARC>0 | AH96: =IF(A97=A96, (AB97 - AB96)/(B97 - B96), "") -> 0.0599182 | AI96: 10.390113 | AJ96: 2.8090907 | AK96: 0.00709109589 | AL96: =IF(AND(MOD(ROW(), 2) = 0, ISNUMBER(X96), ISNUMBER(AH96)), X96 - AH96, "") -> 0.80659725
A97: Congo | B97: 2020 | C97: =VLOOKUP(A97, Regions!A:B, 2, FALSE) -> Sub-Saharan Africa | D97: =IF(A98=A97, B98-B97, "") | E97: =IF(AND(A97=A98,), AVERAGEIF(A97:A98, A98, B97:B98), "") | F97: 5518.091797 | G97: 67.829002 | H97: 73.784512 | I97: =MIN(ROUND(H97, 0), 100) -> 74 | J97: =IF(AND(A97=A98, I97>99, I98>99), "full access", "") | K97: =IF(AND(I97=0, J97<>"full access"), "ARC=0", "") | L97: =IF(AND(I97<0, J97<>"full access"), "ARC<0", "") | M97: =IF(AND(I97>0, J97<>"full access"), "ARC>0", "") -> ARC>0 | N97: =IF(A98=A97, (H98 - H97)/(B98 - B97), "") | O97: 10.461172 | P97: 9.5591807 | Q97: 6.1951357 | R97: 45.724413 | S97: =MIN(ROUND(R97, 0), 100) -> 46 | T97: =IF(AND(A97=A98, S97>99, S98>99), "full access", "") | U97: =IF(AND(S97=0, Q97<>"full access"), "ARC=0", "") | V97: =IF(AND(S97<0, Q97<>"full access"), "ARC<0", "") | W97: =IF(AND(S97>0, Q97<>"full access"), "ARC>0", "") -> ARC>0 | X97: =IF(A98=A97, (R98 - R97)/(B98 - B97), "") | Y97: 10.63239 | Z97: 24.40517 | AA97: 19.238027 | AB97: 87.093296 | AC97: =MIN(ROUND(AB97, 0), 100) -> 87 | AD97: =IF(AND(A97=A98, AC97>99, AC98>99), "full access", "") | AE97: =IF(AND(AC97=0, X97<>"full access"), "ARC=0", "") | AF97: =IF(AND(AC97<0, X97<>"full access"), "ARC<0", "") | AG97: =IF(AND(AC97>0, X97<>"full access"), "ARC>0", "") -> ARC>0 | AH97: =IF(A98=A97, (AB98 - AB97)/(B98 - B97), "") | AI97: 10.379964 | AJ97: 2.51779 | AK97: 0.008949452055 | AL97: =IF(AND(MOD(ROW(), 2) = 0, ISNUMBER(X97), ISNUMBER(AH97)), X97 - AH97, "")
A98: Cook Islands | B98: 2015 | C98: =VLOOKUP(A98, Regions!A:B, 2, FALSE) -> East Asia & Pacific | D98: =IF(A99=A98, B99-B98, "") -> 5 | E98: =IF(AND(A98=A99,), AVERAGEIF(A98:A99, A99, B98:B99), "") -> 2017.5 | F98: 17.58099937 | G98: 74.403999 | H98: 99.953671 | I98: =MIN(ROUND(H98, 0), 100) -> 100 | J98: =IF(AND(A98=A99, I98>99, I99>99), "full access", "") -> full access | K98: =IF(AND(I98=0, J98<>"full access"), "ARC=0", "") | L98: =IF(AND(I98<0, J98<>"full access"), "ARC<0", "") | M98: =IF(AND(I98>0, J98<>"full access"), "ARC>0", "") | N98: =IF(A99=A98, (H99 - H98)/(B99 - B98), "") -> 0.00358784 | O98: 0 | P98: 0.046328976 | Q98: 0 | S98: =MIN(ROUND(R98, 0), 100) -> 0 | T98: =IF(AND(A98=A99, S98>99, S99>99), "full access", "") | U98: =IF(AND(S98=0, Q98<>"full access"), "ARC=0", "") -> ARC=0 | V98: =IF(AND(S98<0, Q98<>"full access"), "ARC<0", "") | W98: =IF(AND(S98>0, Q98<>"full access"), "ARC>0", "") | X98: =IF(A99=A98, (R99 - R98)/(B99 - B98), "") -> 0 | AC98: =MIN(ROUND(AB98, 0), 100) -> 0 | AD98: =IF(AND(A98=A99, AC98>99, AC99>99), "full access", "") | AE98: =IF(AND(AC98=0, X98<>"full access"), "ARC=0", "") -> ARC=0 | AF98: =IF(AND(AC98<0, X98<>"full access"), "ARC<0", "") | AG98: =IF(AND(AC98>0, X98<>"full access"), "ARC>0", "") | AH98: =IF(A99=A98, (AB99 - AB98)/(B99 - B98), "") -> 0 | AL98: =IF(AND(MOD(ROW(), 2) = 0, ISNUMBER(X98), ISNUMBER(AH98)), X98 - AH98, "") -> 0
A99: Cook Islands | B99: 2020 | C99: =VLOOKUP(A99, Regions!A:B, 2, FALSE) -> East Asia & Pacific | D99: =IF(A100=A99, B100-B99, "") | E99: =IF(AND(A99=A100,), AVERAGEIF(A99:A100, A100, B99:B100), "") | F99: 17.56399918 | G99: 75.495003 | H99: 99.97161 | I99: =MIN(ROUND(H99, 0), 100) -> 100 | J99: =IF(AND(A99=A100, I99>99, I100>99), "full access", "") | K99: =IF(AND(I99=0, J99<>"full access"), "ARC=0", "") | L99: =IF(AND(I99<0, J99<>"full access"), "ARC<0", "") | M99: =IF(AND(I99>0, J99<>"full access"), "ARC>0", "") -> ARC>0 | N99: =IF(A100=A99, (H100 - H99)/(B100 - B99), "") | O99: 0 | P99: 0.028389783 | Q99: 0 | S99: =MIN(ROUND(R99, 0), 100) -> 0 | T99: =IF(AND(A99=A100, S99>99, S100>99), "full access", "") | U99: =IF(AND(S99=0, Q99<>"full access"), "ARC=0", "") -> ARC=0 | V99: =IF(AND(S99<0, Q99<>"full access"), "ARC<0", "") | W99: =IF(AND(S99>0, Q99<>"full access"), "ARC>0", "") | X99: =IF(A100=A99, (R100 - R99)/(B100 - B99), "") | AC99: =MIN(ROUND(AB99, 0), 100) -> 0 | AD99: =IF(AND(A99=A100, AC99>99, AC100>99), "full access", "") | AE99: =IF(AND(AC99=0, X99<>"full access"), "ARC=0", "") -> ARC=0 | AF99: =IF(AND(AC99<0, X99<>"full access"), "ARC<0", "") | AG99: =IF(AND(AC99>0, X99<>"full access"), "ARC>0", "") | AH99: =IF(A100=A99, (AB100 - AB99)/(B100 - B99), "") | AL99: =IF(AND(MOD(ROW(), 2) = 0, ISNUMBER(X99), ISNUMBER(AH99)), X99 - AH99, "")
A100: Costa Rica | B100: 2015 | C100: =VLOOKUP(A100, Regions!A:B, 2, FALSE) -> Latin America & Caribbean | D100: =IF(A101=A100, B101-B100, "") -> 5 | E100: =IF(AND(A100=A101,), AVERAGEIF(A100:A101, A101, B100:B101), "") -> 2017.5 | F100: 4847.805176 | G100: 76.862 | H100: 99.378687 | I100: =MIN(ROUND(H100, 0), 100) -> 99 | J100: =IF(AND(A100=A101, I100>99, I101>99), "full access", "") | K100: =IF(AND(I100=0, J100<>"full access"), "ARC=0", "") | L100: =IF(AND(I100<0, J100<>"full access"), "ARC<0", "") | M100: =IF(AND(I100>0, J100<>"full access"), "ARC>0", "") -> ARC>0 | N100: =IF(A101=A100, (H101 - H100)/(B101 - B100), "") -> 0.086370022 | O100: 0.25413038 | P100: 0.21133502 | Q100: 0.15584778 | R100: 98.186032 | S100: =MIN(ROUND(R100, 0), 100) -> 98 | T100: =IF(AND(A100=A101, S100>99, S101>99), "full access", "") | U100: =IF(AND(S100=0, Q100<>"full access"), "ARC=0", "") | V100: =IF(AND(S100<0, Q100<>"full access"), "ARC<0", "") | W100: =IF(AND(S100>0, Q100<>"full access"), "ARC>0", "") -> ARC>0 | X100: =IF(A101=A100, (R101 - R100)/(B101 - B100), "") -> 0.2920435 | Y100: 0.41006115 | Z100: 0.73034858 | AA100: 0.67355778 | AB100: 99.737715 | AC100: =MIN(ROUND(AB100, 0), 100) -> 100 | AD100: =IF(AND(A100=A101, AC100>99, AC101>99), "full access", "") -> full access | AE100: =IF(AND(AC100=0, X100<>"full access"), "ARC=0", "") | AF100: =IF(AND(AC100<0, X100<>"full access"), "ARC<0", "") | AG100: =IF(AND(AC100>0, X100<>"full access"), "ARC>0", "") -> ARC>0 | AH100: =IF(A101=A100, (AB101 - AB100)/(B101 - B100), "") -> 0.02238755 | AI100: 0.20719007 | AJ100: 0.055094818 | AK100: 0 | AL100: =IF(AND(MOD(ROW(), 2) = 0, ISNUMBER(X100), ISNUMBER(AH100)), X100 - AH100, "") -> 0.26965595
A101: Costa Rica | B101: 2020 | C101: =VLOOKUP(A101, Regions!A:B, 2, FALSE) -> Latin America & Caribbean | D101: =IF(A102=A101, B102-B101, "") | E101: =IF(AND(A101=A102,), AVERAGEIF(A101:A102, A102, B101:B102), "") | F101: 5094.11377 | G101: 80.770996 | H101: 99.810537 | I101: =MIN(ROUND(H101, 0), 100) -> 100 | J101: =IF(AND(A101=A102, I101>99, I102>99), "full access", "") | K101: =IF(AND(I101=0, J101<>"full access"), "ARC=0", "") | L101: =IF(AND(I101<0, J101<>"full access"), "ARC<0", "") | M101: =IF(AND(I101>0, J101<>"full access"), "ARC>0", "") -> ARC>0 | N101: =IF(A102=A101, (H102 - H101)/(B102 - B101), "") | O101: 0.18945947 | P101: 3.5944519e-06 | Q101: 0 | R101: 99.64625 | S101: =MIN(ROUND(R101, 0), 100) -> 100 | T101: =IF(AND(A101=A102, S101>99, S102>99), "full access", "") | U101: =IF(AND(S101=0, Q101<>"full access"), "ARC=0", "") | V101: =IF(AND(S101<0, Q101<>"full access"), "ARC<0", "") | W101: =IF(AND(S101>0, Q101<>"full access"), "ARC>0", "") -> ARC>0 | X101: =IF(A102=A101, (R102 - R101)/(B102 - B101), "") | Y101: 0.35375 | Z101: 0 | AA101: 0 | AB101: 99.849653 | AC101: =MIN(ROUND(AB101, 0), 100) -> 100 | AD101: =IF(AND(A101=A102, AC101>99, AC102>99), "full access", "") | AE101: =IF(AND(AC101=0, X101<>"full access"), "ARC=0", "") | AF101: =IF(AND(AC101<0, X101<>"full access"), "ARC<0", "") | AG101: =IF(AND(AC101>0, X101<>"full access"), "ARC>0", "") -> ARC>0 | AH101: =IF(A102=A101, (AB102 - AB101)/(B102 - B101), "") | AI101: 0.15034714 | AJ101: 0 | AK101: 0 | AL101: =IF(AND(MOD(ROW(), 2) = 0, ISNUMBER(X101), ISNUMBER(AH101)), X101 - AH101, "")
...

Sheet Pivot Table 3

Sheet Countries per Region

Sheet summary sheet
A1: avg_yr_diff | B1: Min_yr_diff | C1: Max_yr_diff | D1: Avg_ARC_n | E1: Avg_ARC_r | F1: Avg_ARC_u | G1: Min_ARC_n | H1: Min_ARC_r | I1: Min_ARC_u | J1: Max_ARC_n | K1: Max_ARC_r | L1: Max_ARC_u | M1: Missing ARC_n | N1: Missing ARC_r | O1: Missing ARC_u | P1: Full_access_n | Q1: Full_access_r | R1: Full_access_u | S1: FullAcess_n | T1: FullAcess_r | U1: FullAcess_u | V1: ARC=0_n | W1: ARC < 0_n | X1: ARC > 0_n | Y1: ARC=0_r | Z1: ARC < 0_r | AA1: ARC > 0_r | AB1: ARC=0_u | AC1: ARC < 0_u | AD1: ARC > 0_u
A2: =ROUND(AVERAGE(Estimates_of_Use_of_Water2!D2:D463), 2) -> 4.8 | B2: =MIN(Estimates_of_Use_of_Water2!D2:D463) -> 1 | C2: =MAX(Estimates_of_Use_of_Water2!D2:D463) -> 5 | D2: =AVERAGE(Estimates_of_Use_of_Water2!N2:N463) -> 0.18866273 | E2: =AVERAGE(Estimates_of_Use_of_Water2!X2:X463) -> 0.098073126 | F2: =AVERAGE(Estimates_of_Use_of_Water2!AH2:AH463) -> 0.12131184 | G2: =MIN(Estimates_of_Use_of_Water2!N2:N463) -> -19.793318 | H2: =MIN(Estimates_of_Use_of_Water2!X2:X463) -> -19.848823 | I2: =MIN(Estimates_of_Use_of_Water2!AH2:AH463) -> -1.6200868 | J2: =MAX(Estimates_of_Use_of_Water2!N2:N463) -> 2.7503265 | K2: =MAX(Estimates_of_Use_of_Water2!X2:X463) -> 2.6678826 | L2: =MAX(Estimates_of_Use_of_Water2!AH2:AH463) -> 2.6682119 | M2: =COUNTBLANK(Estimates_of_Use_of_Water2!N2:N463) -> 231 | N2: =COUNTBLANK(Estimates_of_Use_of_Water2!X2:X463) -> 231 | O2: =COUNTBLANK(Estimates_of_Use_of_Water2!AH2:AH463) -> 231 | P2: =COUNTIFS(Estimates_of_Use_of_Water2!G2:G463, 100, Estimates_of_Use_of_Water2!N2:N463, 0) -> 11 | Q2: =COUNTIFS(Estimates_of_Use_of_Water2!G2:G463, 100, Estimates_of_Use_of_Water2!X2:X463, 0) -> 13 | R2: =COUNTIFS(Estimates_of_Use_of_Water2!G2:G463, 100, Estimates_of_Use_of_Water2!AH2:AH463, 0) -> 11 | S2: =COUNTIF(Estimates_of_Use_of_Water2!J2:J463, "full access") -> 62 | T2: =COUNTIF(Estimates_of_Use_of_Water2!T2:T463, "full access") -> 29 | U2: =COUNTIF(Estimates_of_Use_of_Water2!AD2:AD463, "full access") -> 55 | V2: =COUNTIF(Estimates_of_Use_of_Water2!K2:K463, "ARC=0") -> 3 | W2: =COUNTIF(Estimates_of_Use_of_Water2!L2:L463, "ARC<0") -> 0 | X2: =COUNTIF(Estimates_of_Use_of_Water2!M2:M463, "ARC>0") -> 397 | Y2: =COUNTIF(Estimates_of_Use_of_Water2!U2:U463, "ARC=0") -> 125 | Z2: =COUNTIF(Estimates_of_Use_of_Water2!V2:V463, "ARC<0") -> 0 | AA2: =COUNTIF(Estimates_of_Use_of_Water2!W2:W463, "ARC>0") -> 337 | AB2: =COUNTIF(Estimates_of_Use_of_Water2!AE2:AE463, "ARC=0") -> 100 | AC2: =COUNTIF(Estimates_of_Use_of_Water2!AF2:AF463, "ARC<0") -> 0 | AD2: =COUNTIF(Estimates_of_Use_of_Water2!AG2:AG463, "ARC>0") -> 362 | AE2: =AVERAGEIF(Estimates_of_Use_of_Water2!C2:C463, "RegionName", N2:N463) -> #DIV/0! | AF2: =AVERAGEIF(C2:C463, "RegionName", X2:X463) -> #DIV/0! | AG2: =AVERAGEIF(C2:C463, "RegionName", AH2:AH463) -> #DIV/0!

Sheet Pivot Table 1
A1: #REF!

Sheet Regions
A1: name | B1: region
A2: Afghanistan | B2: South Asia
A3: Albania | B3: Europe & Central Asia
A4: Algeria | B4: Middle East & North Africa
A5: American Samoa | B5: East Asia & Pacific
A6: Andorra | B6: Europe & Central Asia
A7: Angola | B7: Sub-Saharan Africa
A8: Anguilla | B8: Latin America & Caribbean
A9: Antigua and Barbuda | B9: Latin America & Caribbean
A10: Argentina | B10: Latin America & Caribbean
A11: Armenia | B11: Europe & Central Asia
A12: Aruba | B12: Latin America & Caribbean
... A233: Zimbabwe | B233: Sub-Saharan Africa
